date,t,volume,seares,sea,M1,M2,M3,M4,M5,M6,M7,M8,M9,M10,M11,M12,S2,S,CIMF1,CIMF2,CIMF3,CIMF4,CIMF5,CIMF6,IMF1,IMF2,IMF3,IMF4,IMF5,IMF6,emdres,SSA1,SSA2,SSA3,SSA4,SSA5,SSA6,SSA7,SSA8,SSA9,SSA10,SSA11,SSA12,WD1,WD2,WD3,WD4,WD5,WD6,WD7,CE1,CE2,CE3,CE4,CE5,CE6,CE7,EE1,EE2,EE3,EE4,EE5,EE6,EE7,EE8,E1,E2,E3,E4
2006/1/31,1,38689,39124.7532,-435.7532019,-435.7532019,-536.4565869,15885.42919,8162.53287,-6438.306177,-11824.28221,-7302.366371,-6090.152343,-6930.555867,9552.044487,8838.358969,-2776.670678,0,-2006.111432,165.7943155,280.5129733,-7560.243523,-404.5182734,2049.667257,44593.54045,-3900.992535,3236.266704,-7173.398033,1622.444801,1029.044002,43875.63506,42589.99253,,,,,,,,,,,,,2590.584952,-9552.985852,6034.862413,113.311092,-7194.822114,639.3721973,46058.63463,-4150.615671,2825.42606,1278.213371,-5318.560386,-2470.083739,1603.276069,44921.3443,-4139.388341,3108.409305,-3075.494485,-2712.544846,2167.570026,28841.25775,13502.98271,999.9689833,,,,
2006/2/28,2,41460,41996.45659,-536.4565869,-493.6800649,-730.8575368,15924.47617,8168.349116,-6456.953882,-11835.22852,-7172.631149,-5978.60191,-6754.888356,9495.12612,8853.05854,-2915.94985,0,-4820.461952,3268.552711,406.8642734,-7941.090914,-406.9725123,2076.858673,44592.24436,-4540.448299,6943.89936,-7478.402679,1627.910864,1022.340281,43884.70047,46000.4483,,,,,,,,,,,,,-3030.672882,-83.19931708,4957.037251,190.6652495,-7294.899859,698.1101807,46022.94762,-4302.311714,5735.698309,1595.497453,-5637.402536,-2491.792686,1640.353201,44919.95797,-4285.690139,6205.006316,-3180.923043,-2818.467313,2176.834591,28857.46403,13503.97558,999.9274912,,,,
2006/3/31,3,51059,35173.57081,15885.42919,-612.7167592,-1026.818649,15932.22661,8237.094985,-6392.118166,-11913.90446,-6927.274107,-5788.855358,-6434.277618,9359.951201,8839.34706,-3137.9959,0,17110.83933,-3059.846529,-156.4202148,-7904.975501,-395.2015627,2099.106433,44590.90818,4417.385017,7681.401879,-7576.671256,1628.712828,1014.195149,43893.97638,46641.61498,,,,,,,,,,,,,42.60346079,8664.070471,2520.654674,310.1529532,-7218.792436,754.6008589,45985.7581,4560.933291,6814.283775,1260.241786,-5710.399812,-2458.92105,1674.435631,44918.42638,4574.895517,7170.353677,-3465.952327,-2802.154428,2202.321286,28872.0476,13504.77926,999.8846088,,,,
2006/4/30,4,47601,39438.46713,8162.53287,-851.3900715,-1425.494913,16064.61761,8221.639599,-6155.821718,-11841.86416,-6744.911188,-5792.486594,-6047.413782,9265.023077,8866.726293,-3351.852221,0,11684.24116,1249.820497,-669.8245939,-7477.165895,-370.2952911,2116.3999,44589.53251,4236.578976,4284.399004,-7452.758338,1624.720474,1004.600176,43903.45971,43364.42102,,,,,,,,,,,,,2219.469881,5792.160385,-674.9639422,474.9386574,-6966.985946,808.603345,45947.81437,4038.618088,4633.573628,221.2923493,-5543.921509,-2370.772064,1705.459253,44916.75026,4039.556376,4539.105393,-3943.538994,-2668.606034,2243.348796,28884.92401,13505.38971,999.8403511,,,,
2006/5/31,5,34785,41223.30618,-6438.306177,-1093.751964,-2022.441677,16201.8251,8193.849725,-5781.076936,-11697.07174,-6501.975291,-5759.760002,-5802.963022,9072.932873,8764.386435,-3451.783906,0,-5603.261549,2214.650175,-669.2569941,-6705.214187,-333.7501951,2128.759446,44588.11793,-3361.023128,-1259.788047,-7116.846894,1615.905212,993.6053891,43913.14747,38146.02313,,,,,,,,,,,,,-597.0132078,-1747.445603,-3769.359027,675.5644098,-6545.124832,859.8977809,45908.46205,-3707.318577,380.4166703,-1143.392276,-5161.54421,-2231.450083,1733.357671,44914.9308,-3720.988416,-315.0698855,-4447.473059,-2430.206259,2298.386105,28896.00304,13505.80368,999.7947332,,,,
2006/6/30,6,30895,42719.28221,-11824.28221,-1316.739286,-2589.592274,16533.94151,8053.004561,-5328.584598,-11507.92893,-6342.271977,-5879.932223,-5660.950069,8927.023192,8603.367393,-3456.987314,0,-12393.36371,1850.110805,95.02157213,-5661.657877,-287.0666784,2136.209351,44586.66504,-2826.474025,-6199.574985,-6585.526994,1602.266702,981.2725677,43923.03673,33721.47402,,,,,,,,,,,,,-1792.240983,-3139.320296,-5876.692719,890.8075051,-5963.917458,908.2598285,45868.03895,-3036.457811,-3733.655467,-2368.276879,-4591.072829,-2046.564097,1758.058355,44912.96873,-3073.553036,-4938.964644,-4768.206326,-2102.032173,2365.602667,28905.20198,13506.01844,999.74777,,,,
2006/7/31,7,35205,42507.36637,-7302.366371,-1418.227059,-3141.407884,16876.77186,8096.677053,-4969.579615,-11503.8238,-6187.584254,-5856.691257,-5755.374199,8758.508991,8411.409562,-3319.409992,0,-6686.979231,-870.5885412,1310.973813,-4425.222058,-231.7461215,2138.774873,44585.17441,2662.755995,-8066.959954,-5875.388708,1583.818242,967.6497995,43933.12463,32542.244,,,,,,,,,,,,,691.2139587,-1758.941858,-6358.98671,1090.723263,-5238.805172,953.4933239,45826.22828,2633.283626,-5504.830078,-2923.01387,-3868.692083,-1822.081032,1779.468419,44910.86502,2606.720618,-6863.356887,-4701.376101,-1701.456884,2443.102181,28912.44655,13506.03172,999.6994766,,,,
2006/8/31,8,37240,43330.15234,-6090.152343,-1585.134978,-3524.672715,17221.93895,8446.743723,-4765.574162,-11623.47743,-6266.894625,-5872.889528,-5977.700745,8790.083655,8338.858936,-3075.910179,0,-5980.028236,-2390.289565,2244.235739,-3074.631825,-169.2899047,2136.481267,44583.64663,1350.75194,-5561.505398,-5006.013112,1560.581891,952.776483,43943.4082,35889.24806,,,,,,,,,,,,,2022.242692,-3372.436847,-5040.99763,1241.478506,-4389.487502,995.3985879,45783.75023,1258.349375,-3677.979474,-2440.361374,-3041.898251,-1564.223509,1797.49173,44908.6215,1252.606884,-4622.188829,-4101.138487,-1248.740406,2528.982516,28917.66971,13505.8417,999.6498679,,,,
2006/9/30,9,38076,45006.55587,-6930.555867,-1732.445438,-3950.871589,17360.45514,9156.006032,-4791.707027,-11785.01262,-6329.813617,-5831.183301,-6332.957495,8650.519496,8378.105337,-2658.313939,0,-7157.34468,-2369.657838,2454.589302,-1688.612271,-101.1994085,2129.353791,44582.08229,-4517.30734,179.0964326,-4008.94531,1532.581132,936.6906148,43953.88447,42593.30734,,,,,,,,,,,,,-2646.586374,-1640.542131,-2282.623009,1311.208028,-3439.258653,1033.804594,45739.98541,-4644.737993,486.7246349,-1057.19216,-2147.856907,-1279.218822,1812.04149,44906.23976,-4623.067833,462.2621321,-3047.695054,-762.437384,2621.34367,28920.81037,13505.44707,999.5989589,,,,
2006/10/31,10,55525,45972.95551,9552.044487,-1862.577884,-4234.617993,17357.93732,10041.63266,-5005.417866,-11999.41364,-6468.556793,-5898.762585,-6600.712912,8520.929688,8601.783778,-2283.055051,0,8051.691421,-2322.019807,1966.909414,-340.8577738,-28.97601322,2117.4177,44580.48199,6560.977622,5498.92367,-2918.721411,1499.83945,919.430192,43964.55048,48964.02238,,,,,,,,,,,,,2342.197768,6432.136041,1125.193118,1275.930961,-2414.292574,1068.538764,45695.35319,6765.153573,3261.616183,963.1828369,-1218.425244,-973.2677105,1823.019388,44903.72097,6780.213734,4537.870515,-1678.228209,-260.4491913,2718.288512,28921.81183,13504.84691,999.5467648,,,,
2006/11/30,11,56107,47268.64103,8838.358969,-1917.245405,-4492.141232,17240.27161,10898.23836,-5290.105334,-12157.52259,-6569.570924,-6018.294118,-6834.589975,8297.482894,8948.165768,-1919.267747,0,9230.490323,-1229.134535,851.3375191,921.0145894,45.87890068,2100.698252,44578.8463,3229.965484,8308.09526,-1769.877526,1462.380328,901.033212,43975.40324,52877.03452,,,,,,,,,,,,,-2527.40153,7895.988577,4207.602743,1124.570648,-1342.801716,1099.46499,45649.62051,4236.07914,2773.53289,3303.592755,-285.6111071,-651.9591786,1830.29853,44901.06697,4246.625004,5530.515625,-152.1500567,239.3267432,2817.923022,28920.62051,13504.04067,999.4933004,,,,
2006/12/31,12,49853,52629.67068,-2776.670678,-1991.113471,-4627.319004,17082.977,11561.02936,-5508.81762,-12234.19494,-6752.122791,-6196.115694,-6996.95215,8238.605032,9283.078708,-1670.563225,0,-1577.179636,4584.35956,-808.9753042,2076.025947,121.8639528,2079.220702,44577.17582,-5005.156905,9166.901955,-596.9497657,1420.227251,881.5376725,43986.43979,54858.15691,,,,,,,,,,,,,6.027442235,-3599.099692,6108.12046,862.1072789,-254.1368069,1126.446157,45603.55018,-2662.608993,104.3387124,5384.152463,615.951078,-320.8450659,1833.732549,44898.27926,-2654.234991,4182.726706,1260.282025,718.9692183,2918.355981,28917.18499,13503.02815,999.4385807,,,,
2007/1/31,13,49015,49508.68006,-493.6800649,,,,,,,,,,,,,,,2346.011007,-2763.601076,3100.310926,197.4777627,2053.010307,44575.47113,-6464.350512,8680.835555,566.4725309,1373.403703,860.9815718,43997.65715,55479.35051,,,,,,,,,,,,,6035.820676,-11398.21148,6338.977027,510.3588416,822.1783446,1149.379108,45556.50406,-3220.235833,-2325.956744,6370.53218,1448.049764,14.06062121,1833.190736,44895.35928,-3197.020034,2401.127509,2220.890767,1160.555813,3017.699267,28911.4559,13501.80942,999.3826209,,,,
2007/2/28,14,41763,42493.85754,-730.8575368,,,,,,,,,,,,,,,-4192.288234,-4148.692241,3967.793917,271.2189501,2022.092324,44573.73282,-13410.45036,7311.314735,1691.747204,1321.933166,839.4029084,44009.05235,55173.45036,,,,,,,,,,,,,-9305.244473,-2469.342566,4897.294489,105.9511443,1857.360077,1168.161444,45508.84007,-11612.78159,-1498.70448,5625.845598,2181.338468,346.4381248,1828.554293,44892.30958,-11600.75102,2824.894521,2469.501326,1548.521275,3114.068373,28903.38589,13500.38485,999.3254368,,,,
2007/3/31,15,66356,50431.52383,15924.47617,,,,,,,,,,,,,,,3180.485886,-4307.239802,4658.23812,341.5861345,1986.492008,44571.96148,12401.00249,5095.877031,2755.819273,1265.839127,816.8396812,44020.6224,53954.99751,,,,,,,,,,,,,5780.589504,9190.337848,2222.036812,-304.1312391,2824.275286,1182.733504,45460.26285,11065.77719,1855.165298,3243.424405,2812.484896,670.2848456,1819.730124,44889.13324,11061.12715,4721.929914,2103.477941,1876.699651,3205.587628,28892.92936,13498.75496,999.2670483,,,,
2007/4/30,16,54491,46322.65088,8168.349116,,,,,,,,,,,,,,,-1859.372316,-3916.441608,5174.994554,407.0779355,1946.234618,44570.1577,3731.086949,992.2798963,3736.793856,1205.145067,793.3298892,44032.36434,50759.91305,,,,,,,,,,,,,-729.2677425,6557.869284,-971.2326392,-669.0928479,3698.256912,1193.036996,45411.51562,720.5274644,3047.402349,-294.3493161,3345.37241,979.5762692,1806.637234,44885.83359,711.239134,3624.359974,1348.751566,2143.872927,3290.421985,28880.04233,13496.92045,999.2074771,,,,
2007/5/31,17,43362,49818.95388,-6456.953882,,,,,,,,,,,,,,,755.9438486,-3401.03382,5528.183417,466.1929726,1901.345409,44568.32205,-3131.872978,-4071.964293,4612.776074,1139.874472,768.9115315,44044.27519,46493.87298,,,,,,,,,,,,,124.4679165,-2938.029103,-3901.582219,-941.74413,4457.864981,1199.051088,45361.99913,-5893.705134,1803.138289,-4271.148262,3783.65222,1268.466953,1789.181948,44882.41399,-5915.05703,-265.9811304,459.3926085,2349.403483,3366.844296,28864.68219,13494.88226,999.1467468,,,,
2007/6/30,18,38034,49869.22852,-11835.22852,,,,,,,,,,,,,,,-239.5068742,-2555.156747,5728.157497,517.4193962,1851.860106,44566.45514,-4622.599305,-8575.297154,5361.871047,1070.050825,743.6226075,44056.35198,42656.59931,,,,,,,,,,,,,-1911.302359,-4663.181965,-5903.999088,-1085.939971,5085.494212,1200.757359,45312.15141,-5693.328268,-950.8076027,-7625.601797,4126.063807,1531.52261,1767.273873,44878.87738,-5706.751454,-5252.694964,-267.9925764,2492.468777,3433.312749,28846.80742,13492.64163,999.0848829,,,,
2007/7/31,19,43924,51096.63115,-7172.631149,,,,,,,,,,,,,,,260.9221578,-1871.177934,5785.269587,559.1810372,1797.878756,44564.55755,3031.46913,-10851.44348,5962.183895,995.6976102,717.5011165,44068.59172,40892.53087,,,,,,,,,,,,,1184.393732,-1664.779687,-6540.881938,-1082.572134,5567.874502,1198.18332,45261.75319,3987.2091,-3593.518169,-9218.540191,4369.410952,1763.384673,1740.826383,44875.22725,3964.766664,-8891.066846,-526.7850096,2572.168648,3488.538202,28826.37778,13490.2001,999.0219123,,,,
2007/8/31,20,45846,51824.60191,-5978.60191,,,,,,,,,,,,,,,539.8837613,-1317.187312,5709.531626,590.1398808,1739.604096,44562.62986,2765.415437,-9004.209377,6396.379117,916.8383116,690.5850582,44080.99145,43080.58456,,,,,,,,,,,,,1965.36825,-1836.059506,-5649.262604,-933.3620042,5896.37332,1191.357946,45211.57736,4024.332267,-3041.013825,-8186.796293,4509.461328,1958.793695,1709.755133,44871.46769,4036.032204,-7513.117356,-87.38480742,2588.618168,3531.577436,28803.35509,13487.55954,998.9578617,,,,
2007/9/30,21,44284,51038.88836,-6754.888356,,,,,,,,,,,,,,,-708.1221896,-610.8144489,5509.592165,610.2890341,1677.271138,44560.67266,-4814.570273,-3156.745493,6665.358731,833.496413,662.9124325,44093.54819,49098.57027,,,,,,,,,,,,,-4129.916465,22.71534675,-3355.737029,-661.5290114,6067.160549,1180.346988,45160.98834,-5135.525505,1174.564371,-4959.650411,4550.495997,2112.538346,1673.974602,44867.6026,-5126.892523,-921.8611914,953.6006399,2544.723251,3561.959263,28777.70589,13484.72222,998.8927582,,,,
2007/10/31,22,62480,52984.87388,9495.12612,,,,,,,,,,,,,,,576.3953061,424.9557804,5193.758905,619.9615662,1611.115777,44558.68655,7183.684962,3035.255309,6774.582881,745.6966512,634.52124,44106.25896,55296.31504,,,,,,,,,,,,,3602.571032,6911.484899,-81.52138942,-309.2281392,6081.218478,1165.21783,45110.34309,5959.199497,3729.609599,-424.561482,4498.426086,2220.298771,1633.3915,44863.63603,5985.321856,4900.203139,2340.883078,2444.939894,3579.640929,28749.40671,13481.69086,998.8266286,,,,
2007/11/30,23,61257,52403.94146,8853.05854,,,,,,,,,,,,,,,-290.0387209,1206.104082,4770.339546,619.4989579,1541.365498,44556.6721,1971.828907,7177.62536,6729.391866,653.5836084,605.4494817,44119.12078,59285.17109,,,,,,,,,,,,,-940.3815128,6503.405526,3476.37205,68.05949518,5944.185846,1146.083837,45059.34033,2611.915372,1201.25237,4366.84201,4348.899362,2280.59587,1587.921749,44859.57327,2602.68362,5801.477764,3781.126478,2294.470371,3584.881947,28718.4498,13478.46887,998.7594999,,,,
2007/12/31,24,50356,53271.94985,-2915.94985,,,,,,,,,,,,,,,252.1372518,2140.050428,4247.64179,609.2528678,1468.237606,44554.62991,-11275.53586,9831.242179,6534.66539,557.7624603,575.7351587,44132.13067,61631.53586,,,,,,,,,,,,,-2396.034755,-5886.940482,6431.735205,409.441806,5666.037019,1123.05917,45008.71629,-7620.836854,-2980.533609,8180.266681,4088.85205,2295.273677,1537.558537,44855.41952,-7698.799708,4305.977057,4912.79929,2098.520945,3578.17208,28684.85079,13475.06053,998.691399,,,,
2008/1/31,25,52452,53064.71676,-612.7167592,,,,,,,,,,,,,,,-706.7136526,3603.372154,3633.973338,589.577331,1391.947033,44552.56056,-10683.04242,11790.21894,6195.168325,458.9532176,545.4162724,44145.28567,63135.04242,,,,,,,,,,,,,4617.778801,-12038.57912,7900.440125,657.6313055,5260.584766,1096.292344,44957.86133,-5905.329366,-3737.17092,9777.542648,3715.630361,2267.683801,1482.464683,44851.17879,-5998.104431,4536.857934,5373.265744,1862.147071,3560.123931,28648.65739,13471.47122,998.6223528,,,,
2008/2/29,26,53836,54862.81865,-1026.818649,,,,,,,,,,,,,,,1242.085166,4253.812162,2942.921592,560.8258961,1312.709195,44550.46464,-9151.249617,12236.8324,5719.42771,357.875891,514.5308235,44158.58279,62987.24962,,,,,,,,,,,,,-4671.123259,-257.6223732,7278.812889,767.8805658,4744.960828,1065.931765,44907.20536,-6878.63137,176.2459091,8837.095099,3230.267257,2201.282727,1422.886369,44846.85401,-6891.570522,7579.967528,4947.482482,1591.169264,3531.371597,28609.95168,13467.70772,998.5523882,,,,
2008/3/31,27,70102,54169.77339,15932.22661,,,,,,,,,,,,,,,2275.98599,3383.597472,2207.755569,523.3519656,1230.739654,44548.34274,10130.85633,9931.022568,5129.734746,255.2504911,483.1168124,44172.01905,59971.14367,,,,,,,,,,,,,3151.163106,11690.74552,4517.383781,715.2229368,4138.913397,1032.168428,44856.52215,9031.444827,4243.545335,5872.250276,2653.460244,2099.752452,1359.099796,44842.44707,9100.716374,9440.679387,3741.37449,1294.99974,3492.53377,28568.84393,13463.77804,998.4815322,,,,
2008/4/30,28,54453,46215.90501,8237.094985,,,,,,,,,,,,,,,-2723.77686,1308.448314,1461.275196,477.508942,1146.253973,44546.19545,973.1989601,4244.195533,4447.004751,151.7970288,451.212239,44185.59149,53479.80104,,,,,,,,,,,,,-1539.420887,5972.865453,254.6326056,499.1178366,3464.110694,995.1904675,44806.58213,-1357.217301,4027.490484,1674.803691,2011.636779,1966.945805,1291.381322,44837.95922,-1292.738762,6305.72725,2033.799521,983.9328579,3444.224388,28525.46179,13459.69087,998.4098116,,,,
2008/5/31,29,39388,45780.11817,-6392.118166,,,,,,,,,,,,,,,-174.8867794,-806.9795398,734.8432007,423.6502277,1059.467715,44544.02335,-5916.457672,-3052.798592,3690.86853,48.23551459,418.8551027,44199.29712,45304.45767,,,,,,,,,,,,,784.5994079,-5698.809539,-4297.408941,144.3957717,2743.264097,955.2134934,44756.74803,-7731.311391,716.4362446,-2791.604889,1334.008872,1807.067617,1220.011946,44833.3916,-7759.563986,-22.63181872,182.0104661,667.8780848,3387.072521,28479.94245,13455.45511,998.3372534,,,,
2008/6/30,30,33245,45158.90446,-11913.90446,,,,,,,,,,,,,,,1657.079949,-2432.550498,59.82231348,362.1292252,970.5964426,44541.82703,-4684.216306,-9496.242908,2880.956888,-54.71404065,386.0834032,44213.13296,37929.21631,,,,,,,,,,,,,-646.9031282,-5703.844106,-7722.149123,-301.4311791,1999.444036,912.4483258,44707.37974,-5428.655965,-3099.173899,-6476.191941,650.4520484,1624.543595,1145.280907,44828.74525,-5542.362,-6333.126835,-1441.993036,356.1470439,3321.741596,28432.43037,13451.07975,998.2638846,,,,
2008/7/31,31,37114,44041.27411,-6927.274107,,,,,,,,,,,,,,,2131.625356,-3270.688641,-532.4247366,293.299337,879.8557187,44539.60708,3049.898303,-12396.4985,2036.900629,-156.3316263,352.9351404,44227.09605,34064.1017,,,,,,,,,,,,,203.5343023,-195.6059803,-8900.030432,-774.5187907,1255.222599,867.1418846,44658.18028,3082.529411,-4909.562445,-8363.419668,-10.45694141,1423.410638,1067.478663,44824.02034,2933.295312,-9492.755553,-2465.645313,57.50535976,3248.939056,28383.07567,13446.57375,998.1897319,,,,
2008/8/31,32,37501,43289.85536,-5788.855358,,,,,,,,,,,,,,,1889.089659,-3127.767225,-1013.806227,217.5139655,787.4611058,44537.36408,1918.04795,-9899.286037,1177.503595,-255.8972316,319.448314,44241.18341,35582.95205,,,,,,,,,,,,,905.6197191,-726.7153043,-7435.89402,-1203.548537,532.0441979,819.5340921,44609.89257,1915.138678,-3070.048914,-7738.988635,-618.2305437,1207.016875,986.8951847,44819.21736,1827.722712,-7429.26234,-2624.379408,-219.6770313,3169.421375,28332.03211,13441.94612,998.1148225,,,,
2008/9/30,33,37232,43666.27762,-6434.277618,,,,,,,,,,,,,,,1625.816664,-1951.3222,-1372.070155,135.1265133,693.6281667,44535.09863,-4113.231608,-3161.392307,318.2617803,-352.6908459,285.6609237,44255.39206,41345.23161,,,,,,,,,,,,,-2141.883249,-468.0096296,-3819.280317,-1520.082703,-150.5724023,769.8847423,44561.91046,-4247.313983,1148.059158,-5217.535043,-1147.837797,978.4490498,903.8410252,44814.33759,-4221.276711,-1782.887414,-2089.824227,-468.1375212,3083.987592,28279.45579,13437.20586,998.0391831,,,,
2008/10/31,34,53020,43660.0488,9359.951201,,,,,,,,,,,,,,,10.89960398,80.53333365,-1609.258296,46.49038273,598.572464,44532.81131,5770.909985,3699.908271,-526.1557859,-445.9924584,251.610969,44269.71902,47249.09002,,,,,,,,,,,,,2847.419366,6622.854363,760.8002901,-1668.697229,-775.4613734,718.4439445,44514.66653,6069.534127,3887.309967,-1720.230635,-1584.983789,740.3403088,818.6464901,44809.38353,6167.227428,3047.704078,-1154.146112,-683.1427741,2993.463171,28225.50446,13432.36201,997.9628407,,,,
2008/11/30,35,52339,43499.65294,8839.34706,,,,,,,,,,,,,,,-1630.257902,1875.107713,-1730.16812,-48.04102363,502.5095605,44530.50271,1863.547648,7850.116712,-1341.080072,-535.0820585,217.3364492,44284.16132,50475.45235,,,,,,,,,,,,,-2164.954415,7447.811389,4866.615372,-1615.49504,-1328.390803,665.4889767,44467.93293,3029.454135,3331.745716,1862.378552,-1915.950092,495.3762719,731.6381769,44804.35724,3121.990429,4695.270495,-104.8103314,-861.7770387,2898.69796,28170.33712,13427.4236,997.8858222,,,,
2008/12/31,36,43302,46439.9959,-3137.9959,,,,,,,,,,,,,,,1408.683118,1990.89431,-1745.29566,-148.1143034,405.655019,44528.17342,-8094.241219,9645.731551,-2111.842049,-619.2396354,182.8753638,44298.71599,51396.24122,,,,,,,,,,,,,-827.3931392,-5080.712898,7328.210126,-1353.61901,-1798.269171,611.2840178,44422.47515,-6019.189075,987.6421285,4771.24727,-2127.223449,247.1286819,643.1343649,44799.26008,-5989.765764,4188.879743,772.7148846,-1001.816918,2800.566838,28114.11365,13422.3997,997.8081545,,,,
2009/1/31,37,41185,42036.39007,-851.3900715,,,,,,,,,,,,,,,-986.515731,125.4156244,-1683.339841,-253.218401,308.224402,44525.82402,-9919.672445,10164.8681,-2824.096233,-697.7451784,148.2657122,44313.38004,51104.67244,,,,,,,,,,,,,4623.010115,-12897.55696,7608.163504,-904.9039762,-2177.495972,556.1026495,44377.64368,-7532.176773,-731.622134,6307.349073,-2205.593103,-0.498994098,553.4489549,44794.09298,-7558.061304,3532.648834,1145.220316,-1101.241168,2699.969576,28056.99452,13417.29938,997.7298646,,,,
2009/2/28,38,40448,41873.49491,-1425.494913,,,,,,,,,,,,,,,575.744986,-1513.594159,-1560.336081,-362.2082064,210.4332724,44523.4551,-9846.932385,10081.8832,-3458.768144,-769.8786769,113.5454932,44328.15051,50294.93238,,,,,,,,,,,,,-5085.116478,-2406.842273,5885.313086,-317.4485134,-2461.906607,500.2023461,44333.78282,-8401.597717,-51.44824338,6038.247191,-2145.218433,-243.7193628,462.880186,44788.85638,-8421.627458,4262.180546,759.1698616,-1158.447331,2597.871476,27999.14079,13412.13171,997.6509794,,,,
2009/3/31,39,56998,40933.38239,16064.61761,,,,,,,,,,,,,,,-523.4590163,-1317.51453,-1385.441317,-473.767187,112.4971929,44521.06725,8829.799987,8554.357085,-3973.014081,-834.9201201,78.7527053,44343.02442,48168.20001,,,,,,,,,,,,,1226.718887,10476.74677,2870.273938,340.7202242,-2650.836312,443.8573197,44290.5759,8464.141374,1621.315926,4203.558261,-1967.295868,-478.9820771,371.7115377,44783.55085,8458.897395,5117.789052,-249.424065,-1173.625203,2495.348425,27940.71414,13406.90577,997.5715257,,,,
2009/4/30,40,51742,43520.3604,8221.639599,,,,,,,,,,,,,,,870.2524495,-137.9970341,-1158.880651,-586.3071448,14.63172612,44518.66105,7463.904591,5086.287907,-4317.967145,-892.1494973,43.92534646,44357.9988,44278.09541,,,,,,,,,,,,,1946.276152,7434.079999,-518.3825769,990.8265037,-2746.829187,387.3237455,44248.74502,5737.510861,1818.284755,1528.990204,-1698.651819,-702.5342543,280.223098,44778.17715,5755.570064,4026.508238,-1561.745256,-1150.113977,2393.550309,27881.87728,13401.63062,997.4915306,,,,
2009/5/31,41,36204,42359.82172,-6155.821718,,,,,,,,,,,,,,,-1338.6879,842.0382688,-879.6674606,-697.1507275,-82.94756518,44516.2371,-3443.520469,650.9556296,-4444.760442,-940.8467978,9.101414784,44373.07066,39647.52047,,,,,,,,,,,,,-631.8470057,-3046.442522,-3455.038988,1554.22766,-2755.444327,330.8580521,44207.66033,-5647.891465,463.6504434,-1295.543272,-1367.248614,-910.3873185,188.683662,44772.73656,-5627.033854,1252.50356,-2838.478534,-1094.208541,2293.640509,27822.79493,13396.31536,997.411021,,,,
2009/6/30,42,31520,43361.86416,-11841.86416,,,,,,,,,,,,,,,-752.7001146,1131.229115,-547.1484016,-803.2873079,-180.0251183,44513.79599,-4115.028051,-3442.708819,-4304.337956,-980.4811293,-25.6810918,44388.23705,35635.02805,,,,,,,,,,,,,-1818.153052,-5006.038937,-5376.661534,1963.166017,-2684.804342,274.6959098,44167.73264,-5866.912714,-1718.934914,-3652.839032,-1007.509387,-1098.38832,97.35355523,44767.23081,-5839.713286,-2170.550219,-3799.258884,-1013.661186,2196.78484,27763.63412,13390.96906,997.3300236,,,,
2009/7/31,43,37283,44027.91119,-6744.911188,,,,,,,,,,,,,,,111.9757151,753.284012,-170.6114597,-901.6899957,-276.3853705,44511.33829,3524.577716,-5726.523241,-3846.8872,-1011.267842,-60.39439091,44403.49496,33758.42228,,,,,,,,,,,,,873.3174603,-1552.936134,-6010.084436,2170.04652,-2545.199975,219.0791073,44128.71445,2947.618368,-3585.027402,-4933.686077,-651.0382405,-1263.03203,6.503270669,44761.66211,2975.649935,-4780.933048,-4179.423146,-916.5537883,2104.160313,27704.56381,13385.60078,997.2485656,,,,
2009/8/31,44,39212,45004.48659,-5792.486594,,,,,,,,,,,,,,,1794.42376,-138.6122125,200.9551049,-989.3319009,-371.812759,44508.8646,3421.043994,-4453.145916,-3046.117378,-1033.570444,-95.05159447,44418.84134,35790.95601,,,,,,,,,,,,,1958.506426,-1485.19331,-5322.098173,2153.681556,-2348.530551,164.2269524,44091.35556,3967.111109,-2954.475175,-4749.739293,-321.7533459,-1401.589781,-83.58843862,44756.03492,3966.235885,-4200.122133,-3788.197865,-810.8311717,2016.953317,27645.75439,13380.21963,997.1666738,,,,
2009/9/30,45,37468,43515.41378,-6047.413782,,,,,,,,,,,,,,,1278.901784,-1249.223612,508.6379632,-1063.186133,-466.0917213,44506.3755,-4013.916442,195.6425109,-1970.580948,-1047.742578,-129.6756649,44434.27312,41481.91644,,,,,,,,,,,,,-2756.159149,-282.2482702,-3473.003744,1921.800675,-2107.75707,110.3497161,44054.99231,-3291.21832,1123.250127,-3394.81224,-34.44862301,-1512.502367,-172.6254684,44750.35689,-3297.715773,301.5564373,-2734.523849,-704.2310883,1936.3514,27587.37714,13374.83468,997.084375,,,,
2009/10/31,46,49949,40683.97692,9265.023077,,,,,,,,,,,,,,,-1085.820834,-1748.365121,693.5237866,-1120.22567,-559.0068261,44503.87158,2697.857107,4732.324288,-712.5411767,-1054.136665,-164.2907697,44449.78722,47251.14289,,,,,,,,,,,,,1326.123496,5682.53122,-810.1953658,1509.34498,-1836.371578,57.63317726,44019.95862,2706.838303,5519.979896,-1371.182105,204.3847059,-1595.368463,-260.2894047,44744.63707,2703.857578,5308.750868,-1221.047936,-603.3151596,1863.543133,27529.60282,13369.45502,997.0016964,,,,
2009/11/30,47,51988,43121.27371,8866.726293,,,,,,,,,,,,,,,661.3658465,-943.2667087,710.1228605,-1157.957283,-650.344444,44501.35344,3558.377946,4580.620966,635.6467525,-1053.091642,-198.9345023,44465.38048,48429.62205,,,,,,,,,,,,,637.4279118,5807.601051,2125.643767,972.9734307,-1547.822624,6.259235133,43985.93003,2899.711983,5118.64538,836.0452538,391.7226087,-1650.758242,-346.2529595,44738.88598,2899.808182,5415.46575,557.2038115,-513.0743492,1799.714956,27472.59966,13364.08971,996.9186647,,,,
2009/12/31,48,39987,43338.85222,-3351.852221,,,,,,,,,,,,,,,-477.2951125,666.6068153,566.816701,-1176.20166,-739.8961739,44498.82165,-3128.971689,-2024.087821,1937.600648,-1044.93816,-233.6527254,44481.04975,43115.97169,,,,,,,,,,,,,-3104.111654,-4591.146483,4644.703282,382.5751299,-1255.05353,-43.61426299,43953.62227,-3602.931666,-2405.095134,2848.614236,523.0081288,-1679.527405,-430.1826175,44733.11446,-3602.274234,-1876.149513,2380.366865,-437.430035,1746.023104,27416.53064,13358.74785,996.8353068,,,,
2010/1/31,49,44429,45522.75196,-1093.751964,,,,,,,,,,,,,,,755.0524224,1988.780991,286.117528,-1176.019202,-827.4565845,44496.27681,3926.976811,-5578.479491,2882.208994,-1030.005594,-268.4925787,44496.79186,40502.02319,,,,,,,,,,,,,5836.22761,-10126.62019,6047.600006,-188.8533803,-969.9356935,-91.84484905,43922.39707,4560.509055,-7367.49632,4114.039501,589.0638135,-1682.714512,-511.7347074,44727.33317,4563.254859,-6891.322495,3724.756811,-380.0124363,1703.530747,27361.54972,13353.43848,996.7516498,,,,
2010/2/28,50,40980,43002.44168,-2022.441677,,,,,,,,,,,,,,,-1483.664782,2164.744523,-100.8902237,-1158.635945,-912.8313853,44493.71949,-6115.923366,719.2808302,3176.163403,-1008.624127,-303.500394,44512.60365,47095.92337,,,,,,,,,,,,,-6781.347116,-458.2975513,5843.728945,-675.4295429,-702.9958996,-138.3148192,43892.65492,-5685.829827,-582.6291833,4190.755017,588.7675522,-1662.023964,-590.5914181,44721.55182,-5696.485239,-402.0027605,4095.635002,-344.1316464,1673.064441,27307.79912,13348.17063,996.6677205,,,,
2010/3/31,51,60887,44685.1749,16201.8251,,,,,,,,,,,,,,,2321.255835,513.6971483,-519.8241774,-1125.255654,-995.8485521,44491.1503,7708.697699,7197.661357,2772.104549,-981.2263124,-338.7192717,44528.48198,53178.3023,,,,,,,,,,,,,5037.782357,9692.123757,3966.146701,-1027.221968,-462.9785093,-182.918423,43864.13522,6548.887385,8155.538074,3217.952431,535.5221881,-1620.162941,-666.5174441,44715.78031,6561.85148,7978.517393,3430.184389,-330.9340113,1654.972881,27255.40878,13342.95332,996.5835458,,,,
2010/4/30,52,45578,37384.15028,8193.849725,,,,,,,,,,,,,,,-2761.600407,-1340.359146,-849.0418229,-1077.054023,-1076.364136,44488.56982,-5115.367577,5733.054072,1738.72335,-948.6420267,-374.1915047,44544.42369,50693.36758,,,,,,,,,,,,,-2594.708402,5160.728423,873.1686896,-1216.408487,-256.7536317,-225.5727377,43837.57039,-6612.326494,7886.561661,1447.535322,445.4617454,-1559.879408,-739.38171,44710.02888,-6608.169184,7482.629334,1854.858263,-335.3182641,1649.019263,27204.4973,13337.79552,996.4991527,,,,
2010/5/31,53,36685,42466.07694,-5781.076936,,,,,,,,,,,,,,,2533.982702,-1427.258979,-957.1844773,-1015.159948,-1154.280983,44485.97862,-6021.529669,-893.7111404,361.5748474,-911.8002757,-409.959385,44560.42562,42706.52967,,,,,,,,,,,,,1522.054504,-4513.812336,-2540.392571,-1239.962959,-89.00212216,-266.2142877,43812.27374,-6606.874682,1146.088376,-601.1149828,334.6315938,-1482.912584,-809.1249538,44704.30723,-6603.886453,662.7122701,-159.1236019,-350.30303,1654.57612,27155.1729,13332.70611,996.4145681,,,,
2010/6/30,54,30976,42673.07174,-11697.07174,,,,,,,,,,,,,,,1671.597107,-560.3808263,-751.1529988,-940.8602501,-1229.508609,44483.37732,-3971.597939,-7291.596758,-1019.59467,-871.6300656,-446.065205,44576.48464,34947.59794,,,,,,,,,,,,,-1478.242477,-4730.2105,-5218.512968,-1118.523817,37.64673772,-304.8016896,43788.55171,-3075.563792,-6179.292172,-2419.290917,217.0321823,-1389.770215,-875.7398792,44698.62479,-3085.056859,-6616.329376,-2053.415861,-368.5998648,1670.74239,27107.533,13327.69386,996.3298189,,,,
2010/7/31,55,36626,43127.97529,-6501.975291,,,,,,,,,,,,,,,806.0667466,290.0851299,-290.8864093,-856.0992974,-1301.957358,44480.76648,3986.975561,-8576.922569,-2065.038913,-829.0604021,-482.5512571,44592.59758,32639.02444,,,,,,,,,,,,,877.8635942,-596.1214968,-6311.468208,-891.8215421,122.7406147,-341.3113957,43766.05033,6168.885933,-8657.480592,-3465.710076,106.5732931,-1280.014625,-939.2446065,44692.99067,6137.560039,-8947.483031,-3269.758656,-382.6397096,1696.347429,27061.66423,13322.76731,996.244932,,,,
2010/8/31,56,36942,42701.76,-5759.760002,,,,,,,,,,,,,,,-341.4750606,374.1952609,325.4167282,-762.9795126,-1371.544113,44478.1467,369.5962346,-4220.568849,-2511.308562,-785.0202913,-519.4598333,44608.7613,36572.40377,,,,,,,,,,,,,759.8600096,-1256.197541,-5487.685149,-611.4467036,167.6997955,-375.7380034,43745.4536,2243.684594,-4493.170364,-3363.205277,20.01506902,-1153.077196,-999.6586052,44687.41178,2245.49445,-4576.995116,-3399.852624,-385.0557061,1730.02847,27017.64481,13317.93478,996.1599344,,,,
2010/9/30,57,37633,43435.96302,-5802.963022,,,,,,,,,,,,,,,362.1403742,-264.3099688,964.4031292,-663.6017074,-1438.187368,44475.51856,-5513.374883,2218.81637,-2400.314528,-740.2663793,-556.8332255,44624.97265,43146.37488,,,,,,,,,,,,,-2178.837029,-293.9029993,-3055.872708,-332.2052387,175.8031337,-408.0964192,43726.091,-5343.601439,2777.778254,-2381.88287,-35.17366562,-1009.017986,-1056.994118,44681.89183,-5321.719087,2899.726674,-2630.455147,-371.1615712,1770.335015,26975.5489,13313.20434,996.074853,,,,
2010/10/31,58,51923,42850.06713,9072.932873,,,,,,,,,,,,,,,-942.91465,-9.260520318,1391.231954,-560.0651286,-1501.807183,44472.88266,3388.985548,7033.319719,-1850.954132,-694.8658734,-594.7137261,44641.22847,48534.01445,,,,,,,,,,,,,1666.964484,6779.163203,158.6302961,-103.3750211,151.7463126,-438.4173072,43708.33165,2099.32414,8117.643757,-942.7780232,-67.72286993,-848.6305154,-1111.267837,44676.43135,2116.965182,8381.571041,-1292.69266,-341.3368574,1815.838706,26935.44785,13308.58385,995.989715,,,,
2010/11/30,59,54792,46027.61356,8764.386435,,,,,,,,,,,,,,,1594.380656,487.3530033,1492.39034,-454.4176922,-1562.332321,44470.23957,5915.145875,6486.837594,-985.6518282,-648.7136211,-633.1436271,44657.52561,48876.85413,,,,,,,,,,,,,1165.207934,7130.589458,3130.878189,38.72825559,101.4872012,-466.7521857,43691.88821,4597.925797,6874.548562,567.8071543,-83.41339873,-673.4011593,-1162.494199,44671.02724,4603.71942,7147.488979,281.7396813,-297.2341772,1865.226469,26897.40943,13304.08087,995.9045473,,,,
2010/12/31,60,38242,41693.78391,-3451.783906,,,,,,,,,,,,,,,-1874.772462,-160.49125,1229.362024,-348.2014004,-1619.702901,44467.5899,-4493.660725,-703.1561009,38.82559362,-601.7044699,-672.1652208,44673.86092,42735.66073,,,,,,,,,,,,,-4696.600155,-5362.01929,5008.671536,75.84819003,31.75780878,-493.1624712,43677.46939,-4243.861361,-2223.483336,1822.259263,-82.30991382,-485.6038269,-1210.675535,44665.67471,-4250.554298,-2071.726782,1734.840439,-240.6865034,1917.370408,26861.49675,13299.70262,995.8193771,,,,
2011/1/31,61,42021,43337.73929,-1316.739286,,,,,,,,,,,,,,,1072.872679,-992.3203824,707.7311984,-241.6169363,-1673.861486,44464.93422,3328.011576,-5710.352385,978.663616,-553.7332673,-711.8207993,44690.23126,38692.98842,,,,,,,,,,,,,6333.280206,-12800.56679,5381.978498,9.786012601,-50.1625027,-517.727549,43664.36929,4090.483054,-7557.005743,2442.525608,-71.30594944,-288.2571249,-1255.807951,44660.36811,4089.272163,-7614.284666,2629.148274,-173.7209346,1971.342563,26827.76718,13295.45595,995.7342314,,,,
2011/2/28,62,40391,42980.59227,-2589.592274,,,,,,,,,,,,,,,1354.29168,-1045.796401,69.11543531,-134.5409217,-1724.750643,44462.27312,-3873.414288,-808.1369476,1622.765284,-504.6948609,-752.1526549,44706.63347,44264.41429,,,,,,,,,,,,,-4718.80856,-2074.222264,4347.39277,-138.7987187,-136.9185947,-540.5330213,43652.87806,-4373.317322,-644.2290171,2190.443862,-53.83593893,-85.2585193,-1297.90635,44655.10329,-4374.741531,-884.0469419,2634.991072,-98.98983405,2026.363021,26796.26965,13291.34743,995.6491376,,,,
2011/3/31,63,57263,40729.05849,16533.94151,,,,,,,,,,,,,,,-952.9171502,-417.2560036,-561.2126363,-26.84997799,-1772.312935,44459.60719,5763.437959,6049.587981,1974.596844,-454.4840981,-793.2030805,44723.06439,51499.56204,,,,,,,,,,,,,1398.201913,10969.49168,2370.317048,-334.5509106,-221.3433143,-561.6860929,43642.63066,5051.614323,7423.889521,1390.975286,-34.29473228,117.9275399,-1336.990353,44649.87842,5050.416758,7166.797205,1931.485337,-21.05427141,2081.735381,26767.04003,13287.38347,995.5641227,,,,
2011/4/30,64,50566,42512.99544,8053.004561,,,,,,,,,,,,,,,653.3194133,260.9750118,-1123.32588,81.58079815,-1816.490927,44456.93702,-1844.294311,6817.518273,2091.265342,-402.9958266,-835.0143692,44739.52089,52410.29431,,,,,,,,,,,,,422.0751959,7877.836612,43.63882952,-533.6870041,-296.8325154,-581.2936346,43634.3007,-522.4309018,7110.555193,408.2337701,-16.7924016,314.8276187,-1373.085935,44644.69266,-517.8257245,7049.401353,825.2348203,55.52037961,2136.792737,26740.09769,13283.57039,995.4792139,,,,
2011/5/31,65,37073,42401.5846,-5328.584598,,,,,,,,,,,,,,,554.8217504,636.2540752,-1577.419197,190.8919554,-1857.227184,44454.2632,-11076.2219,2592.146567,2028.947641,-350.2432981,-877.628814,44755.99981,48149.2219,,,,,,,,,,,,,489.9433799,-3274.042821,-2121.706685,-691.4017629,-357.5866865,-599.4765969,43627.20833,-7200.17728,1076.641754,-534.8545058,-0.766756269,498.8238272,-1406.212459,44639.54542,-7191.702123,1352.497469,-385.8959522,126.5714105,2190.880419,26715.44463,13279.91445,995.3944384,,,,
2011/6/30,66,29933,41440.92893,-11507.92893,,,,,,,,,,,,,,,-379.853019,861.4855776,-1899.094336,301.2686696,-1894.46427,44451.58631,-12109.24574,-3352.550035,1840.099867,-296.7133824,-921.0887076,44772.49799,42042.24574,,,,,,,,,,,,,-2004.16451,-6118.933772,-3781.348689,-769.1690877,-398.8450165,-616.3509274,43621.7106,-7325.138529,-5361.334002,-1258.547118,16.127068,663.8402489,-1436.383707,44634.43604,-7318.738658,-4697.296226,-1449.15097,188.0138225,2243.359667,26693.06916,13276.42194,995.3098235,,,,
2011/7/31,67,36039,42381.27198,-6342.271977,,,,,,,,,,,,,,,329.4626737,1179.190303,-2060.989398,412.8461823,-1928.144719,44448.90694,-897.9435696,-8219.869,1576.247967,-243.0113534,-965.436343,44789.0123,36936.94357,,,,,,,,,,,,,1593.781643,-2664.832706,-4717.562065,-740.8499045,-417.0743627,-632.0528313,43617.50794,2079.546837,-8410.051303,-1630.50729,29.48811752,804.7726919,-1463.613984,44629.36493,2095.917488,-7403.08952,-2123.063507,235.7186914,2293.647978,26672.94968,13273.09909,995.2253963,,,,
2011/8/31,68,36445,42324.93222,-5879.932223,,,,,,,,,,,,,,,-265.0080899,1580.996053,-2004.255353,525.18452,-1958.210586,44446.22568,2678.126391,-11127.12735,1288.917883,-189.7424851,-1010.714013,44805.53957,33766.87361,,,,,,,,,,,,,628.7371623,-1386.443006,-4759.219666,-596.6919063,-410.0289749,-646.705771,43615.29172,1800.225422,-7890.958421,-1547.525773,28.99035133,917.8498083,-1487.914671,44624.33328,1790.404503,-6660.708786,-2213.260069,265.304399,2341.235249,26655.05773,13269.95218,995.1411839,,,,
2011/9/30,69,37293,42953.95007,-5660.950069,,,,,,,,,,,,,,,215.2366076,1320.257024,-1677.193329,636.7091613,-1984.602503,44443.54311,4306.377903,-11670.61407,1029.635562,-137.5120516,-1056.96401,44822.07666,32986.6221,,,,,,,,,,,,,-2431.011588,1258.5262,-3766.875578,-344.6972514,-376.8620085,-660.4411225,43614.33624,-50.40321215,-5717.452321,-1069.107756,19.19607968,1000.710732,-1509.28682,44619.3433,-85.18878349,-4447.764741,-1730.945788,273.0230175,2385.690112,26639.3595,13266.98744,995.0572137,,,,
2011/10/31,70,50277,41349.97681,8927.023192,,,,,,,,,,,,,,,-414.3965785,-311.4264009,-1103.381983,745.5826987,-2007.260752,44440.85983,15228.88808,-9431.840454,832.4859032,-86.92532687,-1104.228627,44838.62042,35048.11192,,,,,,,,,,,,,1941.618492,7450.528072,-1729.304873,-9.322499988,-318.0192518,-673.372672,43614.90649,10214.73827,-3753.875245,-336.5409007,13.31964144,1052.680381,-1527.719451,44614.3973,10188.80589,-2670.73694,-809.3435493,261.2154839,2426.637082,26625.8156,13264.21107,994.9735131,,,,
2011/11/30,71,50517,41913.63261,8603.367393,,,,,,,,,,,,,,,1121.707689,-2102.747346,-367.3717274,849.9931934,-2026.125612,44438.17641,10429.04087,-4237.860466,661.7896351,-38.58758493,-1152.550156,44855.1677,40087.95913,,,,,,,,,,,,,423.888258,5943.031984,1082.11687,372.2626262,-235.2731446,-685.6323227,43616.61242,7541.048035,-1641.453916,463.551978,12.6827467,1074.879566,-1543.206944,44609.49853,7517.21292,-898.833093,329.6681836,235.6220712,2463.690636,26614.38112,13261.62926,994.8901097,,,,
2011/12/31,72,38739,42195.98731,-3456.987314,,,,,,,,,,,,,,,406.902891,-1985.487808,432.0806748,948.1354605,-2041.137366,44435.49346,-8027.465562,2625.39877,464.4264422,6.895900212,-1201.970891,44871.71534,46766.46556,,,,,,,,,,,,,-2230.831959,-6605.444977,4028.314502,755.6103678,-131.4714403,-697.3281285,43620.09938,-7760.939395,1152.868063,1218.402945,10.08411299,1069.710564,-1555.777837,44604.65155,-7776.468151,1548.894263,1402.4168,202.6567754,2496.416771,26605.00766,13259.24818,994.807031,,,,
2012/1/31,73,40122,41540.22706,-1418.227059,,,,,,,,,,,,,,,-3467.272445,404.4345177,1184.28542,1038.204315,-2052.236296,44432.81155,-12716.96612,8967.043178,187.2760091,48.87980186,-1252.493132,44888.26026,52838.96612,,,,,,,,,,,,,2141.680199,-12224.3694,6203.715053,1095.333256,-10.50203689,-708.5713865,43624.66149,-10460.19063,4723.414199,1778.132022,5.717986273,1040.567184,-1565.50154,44599.86077,-10457.07579,4884.26265,2153.06811,168.7977406,2524.337961,26597.64579,13257.07396,994.7243037,,,,
2012/2/29,74,49134,52275.40788,-3141.407884,,,,,,,,,,,,,,,4306.537005,2704.138268,1775.569444,1118.394572,-2059.362683,44430.13127,-7204.474033,12873.85703,-222.7819798,86.5562386,-1303.956893,44904.79963,56338.47403,,,,,,,,,,,,,-1842.952795,-150.1602648,6741.603139,1351.272787,123.0570083,-719.4451342,43630.62947,-5362.847715,8503.379666,1980.745602,-1.669801498,991.7456945,-1572.484085,44595.13064,-5354.306253,8535.615022,2425.455064,140.222533,2546.938828,26592.24873,13255.11264,994.6419533,,,,
2012/3/31,75,64489,47612.22814,16876.77186,,,,,,,,,,,,,,,-535.5425042,2489.038308,2106.834879,1186.901046,-2062.456808,44427.45322,8649.628992,12946.1469,-791.0216708,119.091942,-1356.176899,44921.33074,55839.37101,,,,,,,,,,,,,2737.42489,11877.88308,5208.415533,1493.695136,264.0187929,-730.0482817,43637.6836,8769.367536,10103.50576,1686.778761,-12.16272976,927.8885628,-1576.845218,44590.46733,8782.71526,10094.5624,2095.233883,121.1582494,2563.64814,26588.77809,13253.36992,994.5600052,,,,
2012/4/30,76,50121,42024.32295,8096.677053,,,,,,,,,,,,,,,-4295.215541,561.2990173,2153.001282,1241.919171,-2061.458953,44424.77797,-581.3640273,8459.112449,-1431.28504,145.7474672,-1409.061505,44937.85066,50702.36403,,,,,,,,,,,,,-2968.27344,6383.040208,1886.465229,1506.777379,406.9740068,-740.4454093,43646.49705,-1979.166282,7442.156998,817.978952,-20.96838323,853.81717,-1578.69552,44585.87706,-1972.83333,7448.852722,1127.347043,111.6327407,2573.861934,26587.20812,13251.85092,994.4784844,,,,
2012/5/31,77,38369,43338.57961,-4969.579615,,,,,,,,,,,,,,,-683.716313,-1591.577627,1966.066498,1282.010507,-2056.309579,44422.10612,-4598.414979,1339.172123,-2029.377917,165.8074112,-1462.543052,44954.35641,42967.41498,,,,,,,,,,,,,1068.720791,-5312.039982,-2229.782895,1390.020054,546.3865217,-750.6992901,43656.33275,-6404.473286,1421.562599,-394.7880015,-30.62372006,774.0968609,-1578.139672,44581.36522,-6417.823224,1477.521402,-212.5452628,110.3176802,2577.194353,26587.52722,13250.5597,994.3974163,,,,
2012/6/30,78,33734,45237.8238,-11503.8238,,,,,,,,,,,,,,,2779.49636,-2833.643912,1612.26808,1307.215297,-2046.950282,44419.43826,-1860.967149,-5566.82174,-2471.05864,178.5563708,-1516.553884,44970.84504,35594.96715,,,,,,,,,,,,,638.0687215,-5878.863225,-5766.443653,1157.548547,676.9744116,-760.8351231,43667.44598,-2505.505105,-5742.952935,-1671.737788,-40.17904577,692.6918671,-1575.253135,44576.93614,-2565.599457,-5642.572959,-1585.032113,115.5284769,2573.569929,26589.73583,13249.49902,994.3168256,,,,
2012/7/31,79,35969,42156.58425,-6187.584254,,,,,,,,,,,,,,,-252.7263597,-2443.406903,1151.235765,1318.031295,-2033.324511,44416.77496,3639.133243,-8627.613867,-2642.085546,183.2743059,-1571.021778,44987.31364,32329.86676,,,,,,,,,,,,,-238.9758007,-826.6746253,-7503.295021,835.5049273,793.803377,-770.8926837,43679.4433,4685.76582,-9601.387656,-2687.541813,-43.07573578,612.7490893,-1570.104047,44572.59434,4617.587524,-9521.332977,-2650.885259,125.4063729,2563.084066,26593.8393,13248.67003,994.2367371,,,,
2012/8/31,80,36268,42124.69126,-5856.691257,,,,,,,,,,,,,,,-1182.043473,-1029.547807,622.5621228,1314.980758,-2015.377168,44414.11683,882.7552576,-5722.034243,-2450.156302,179.5062996,-1625.830604,45003.75959,35385.24474,,,,,,,,,,,,,-7.844952391,-1122.002463,-6864.990872,458.0997402,892.5833813,-780.8714458,43692.966,2439.433238,-6501.669124,-3172.952765,-39.07201962,536.700185,-1562.784274,44568.34476,2396.098795,-6537.560431,-3125.390788,137.9773603,2545.918241,26599.84378,13248.07211,994.1571754,,,,
2012/9/30,81,37643,43398.3742,-5755.374199,,,,,,,,,,,,,,,-907.8912373,511.2026196,78.06559454,1298.601367,-1993.068582,44411.46444,-4906.340168,932.7153507,-1890.725904,167.9306544,-1680.76028,45020.18035,42549.34017,,,,,,,,,,,,,-1889.570176,-275.9319632,-4140.692166,62.92019095,969.7156986,-790.7680281,43707.30729,-4143.19024,1389.022411,-3051.52615,-27.92101712,465.8219019,-1553.398977,44564.19207,-4142.634741,1200.289887,-2941.831618,151.0018023,2522.321661,26607.75408,13247.70307,994.0781654,,,,
2012/10/31,82,53876,45117.49101,8758.508991,,,,,,,,,,,,,,,271.2486484,1560.193127,-425.8408705,1269.494368,-1966.422644,44408.81838,4707.212514,6699.458543,-981.1886783,149.5220043,-1735.577745,45036.57336,49168.78749,,,,,,,,,,,,,3438.236526,7141.690964,-334.930556,-313.7143847,1022.510538,-800.5371719,43722.79293,3892.44351,8791.402411,-2214.357822,-11.63919643,400.0623144,-1542.050713,44560.1395,3942.209522,8506.799577,-2087.943523,161.9012306,2492.604646,26617.57271,13247.55941,993.9997317,,,,
2012/11/30,83,52909,44497.59044,8411.409562,,,,,,,,,,,,,,,-109.5086793,1747.685482,-839.5633679,1228.338889,-1935.54113,44406.17925,3113.520926,6174.462125,232.875814,125.2581482,-1790.053099,45052.93609,49795.47907,,,,,,,,,,,,,-1512.735838,7818.89312,3265.486575,-640.7766793,1049.208104,-810.1484082,43739.09879,1944.13089,8235.797423,-645.2455919,8.518599417,338.4275754,-1528.817636,44556.18874,1998.239358,8004.605464,-587.2020684,168.225516,2457.148511,26629.29893,13247.63645,993.9218991,,,,
2012/12/31,84,40604,43923.40999,-3319.409992,,,,,,,,,,,,,,,-19.9136233,1410.047018,-1145.559268,1175.837395,-1900.549153,44403.54762,-3113.337524,-1161.549313,1557.460422,96.11688521,-1843.956446,45069.26598,43717.33752,,,,,,,,,,,,,-2905.95902,-5174.720122,5593.682871,-895.4524168,1049.045539,-819.5280049,43756.88748,-3631.954769,-498.3963017,1389.640604,26.54710801,279.5814625,-1513.75772,44552.33962,-3624.590014,-560.6174634,1314.310441,167.5500705,2416.42447,26642.92723,13247.92874,993.8446923,,,,
2013/1/31,85,42137,43722.13498,-1585.134978,,,,,,,,,,,,,,,425.8705971,996.4251279,-1352.205366,1112.69416,-1861.573632,44400.92409,3808.718559,-7550.923328,2627.62616,63.07601413,-1897.057888,45085.56048,38328.28144,,,,,,,,,,,,,6385.201478,-13299.7385,6147.12304,-1064.655828,1022.205374,-828.5993792,43775.41089,4272.250892,-8678.34409,3229.96531,39.3004211,222.1511063,-1496.914455,44548.59082,4235.100894,-8538.88688,3013.517517,157.3662842,2371.020315,26658.44843,13248.43023,993.7681361,,,,
2013/2/28,86,38246,41770.67271,-3524.672715,,,,,,,,,,,,,,,-1035.31769,659.4627353,-1472.653554,1039.613456,-1818.741484,44398.30925,-5740.762536,-2299.798673,3106.758344,27.11333391,-1949.127527,45101.81706,43986.76254,,,,,,,,,,,,,-6944.106855,-2642.992977,5050.761838,-1145.164261,969.8021888,-837.2431172,43794.90697,-5591.168803,-3699.312277,4258.745845,46.10508992,165.0132616,-1478.323286,44544.94017,-5610.586796,-3442.470912,3932.051093,135.0263545,2321.672691,26675.85088,13249.13443,993.6922551,,,,
2013/3/31,87,61145,43923.06105,17221.93895,,,,,,,,,,,,,,,1840.170642,22.12253335,-1520.055723,957.2995531,-1772.17963,44395.70367,7490.914279,7632.495307,2914.107904,-10.61518249,-1999.935464,45118.03316,53654.08572,,,,,,,,,,,,,5121.904226,10433.38198,2868.766292,-1142.4402,893.8252927,-845.3566427,43814.96559,6920.127844,6727.518286,4260.056398,46.30515441,107.6131809,-1458.004849,44541.38399,6927.520925,6994.725076,3910.347746,98.45564207,2269.274876,26695.12058,13250.03452,993.6170713,,,,
2013/4/30,88,47388,38941.25628,8446.743723,,,,,,,,,,,,,,,-2554.4424,-534.2872538,-1507.581862,866.4748224,-1722.014986,44393.10796,-7216.636403,9535.698818,2032.224023,-48.24086602,-2049.251802,45134.20623,54604.6364,,,,,,,,,,,,,-2918.613272,7287.208723,307.6513745,-1068.623213,796.9908709,-852.7972234,43836.20743,-7648.206871,8699.318018,3146.308071,38.87398865,49.73230908,-1435.942897,44537.91738,-7625.376097,8896.669916,2891.75237,49.08347379,2214.82159,26716.2401,13251.12345,993.5425954,,,,
2013/5/31,89,39745,44510.57416,-4765.574162,,,,,,,,,,,,,,,2920.415579,-452.9724135,-1447.059013,768.0417885,-1668.374473,44390.52269,-7964.227191,4210.058777,529.3981992,-83.71687364,-2096.846641,45150.33373,47709.22719,,,,,,,,,,,,,1898.564734,-2867.331936,-2027.435075,-939.9548277,682.6259382,-859.4240179,43857.90913,-7986.5218,3604.294663,991.7311961,21.30706902,-8.229371455,-1412.11802,44534.53626,-7983.202342,3642.555905,948.6765788,-8.232136552,2159.308493,26739.18773,13252.39395,993.4688349,,,,
2013/6/30,90,33454,45077.47743,-11623.47743,,,,,,,,,,,,,,,3049.946163,-67.71334546,-1344.670978,663.3521411,-1611.38501,44387.94846,-4363.045499,-3909.485042,-1182.396121,-114.9963623,-2142.490085,45166.41311,37817.0455,,,,,,,,,,,,,-1591.741665,-4015.561669,-3734.366515,-774.2196819,554.4891532,-865.0585165,43880.37906,-4290.608419,-3777.583696,-1554.881094,-2.207250288,-65.44097989,-1386.516273,44531.23771,-4313.611956,-3932.258471,-1341.681181,-67.85053471,2103.625421,26763.93861,13253.83847,993.3957979,,,,
2013/7/31,91,37795,44061.89463,-6266.894625,,,,,,,,,,,,,,,1720.701555,158.3016275,-1205.186223,553.8653365,-1551.173513,44385.38585,6702.67272,-9158.864814,-2605.265002,-140.0324888,-2185.952233,45182.44182,31092.32728,,,,,,,,,,,,,495.0359679,-971.9441836,-4590.114924,-588.4569348,416.6855432,-869.5428664,43903.28226,6871.33002,-8433.538939,-3670.164709,-20.78792505,-120.7456169,-1359.111362,44528.01853,6849.151914,-8737.418559,-3276.187001,-124.0276956,2048.562254,26790.46503,13255.44932,993.3234919,,,,
2013/8/31,92,37091,42963.88953,-5872.889528,,,,,,,,,,,,,,,478.7981753,182.0714364,-1032.989455,441.0408308,-1487.866904,44382.83545,4306.759775,-6700.467765,-3329.927724,-156.7784103,-2227.003188,45198.41731,32784.24023,,,,,,,,,,,,,1439.849807,-2791.776418,-4487.834196,-397.2910401,273.4274755,-872.6857629,43927.27218,4926.997557,-6102.266802,-4726.39242,-29.58737108,-172.7607984,-1329.864269,44524.8741,4923.673382,-6443.394819,-4273.17166,-170.9598871,1994.855453,26818.73642,13257.21874,993.2519235,,,,
2013/9/30,93,34696,40673.70074,-5977.700745,,,,,,,,,,,,,,,-1844.970591,64.75179865,-831.12429,326.3380804,-1421.592099,44380.29784,-5300.597456,512.4171675,-3301.303373,-163.4403292,-2265.413052,45214.33704,39996.59746,,,,,,,,,,,,,-2854.859451,-2024.222672,-3419.182226,-211.9961818,128.9317752,-874.3034705,43951.60026,-4762.936103,1130.243153,-4643.245141,-30.73295411,-220.4034449,-1298.72488,44521.79937,-4759.038615,863.6903552,-4246.59578,-203.5189446,1943.202531,26848.71993,13259.13894,993.1810936,,,,
2013/10/31,94,50732,41941.91634,8790.083655,,,,,,,,,,,,,,,-577.4811568,-113.2385954,-603.8780511,211.2165414,-1352.476019,44377.77362,3676.548955,6837.353211,-2551.720411,-159.4282906,-2300.951925,45230.19846,47055.45104,,,,,,,,,,,,,2931.027359,6274.252881,-1522.541214,-40.25567947,-12.79048593,-874.1829223,43976.50558,3575.507163,7715.382093,-3520.32525,-28.63675092,-263.093009,-1265.625079,44518.79083,3570.372322,7615.300388,-3271.431598,-220.128444,1894.231003,26880.38058,13261.20204,993.1110021,,,,
2013/11/30,95,50595,42256.14106,8338.858936,,,,,,,,,,,,,,,-370.7162873,-206.1284748,-358.7676398,97.13567022,-1280.64558,44375.26337,3186.066632,5784.760057,-1143.263773,-145.2039515,-2333.357995,45245.99903,47408.93337,,,,,,,,,,,,,-1432.227432,8079.041889,853.3308171,113.406783,-147.9808155,-872.1363364,44001.58554,2267.759008,6842.593025,-1474.609691,-25.41263797,-300.6901307,-1230.486732,44515.84716,2265.543039,6997.174887,-1464.873682,-222.7091626,1848.486941,26913.6811,13263.4001,993.0416486,,,,
2013/12/31,96,40406,43481.91018,-3075.910179,,,,,,,,,,,,,,,492.7526843,-58.03084868,-104.9065582,-14.44507694,-1206.227704,44372.76768,-1742.815418,-1296.537394,667.4066724,-121.5523674,-2362.23783,45261.73634,42148.81542,,,,,,,,,,,,,-1870.683235,-4008.227277,3151.793585,246.8892335,-273.3146913,-867.9537722,44027.46786,-2777.994638,-878.0105903,1093.880497,-18.30095751,-333.3296739,-1193.213646,44512.96901,-2791.762153,-436.241538,827.2484109,-213.834745,1806.480198,26948.58148,13265.7252,992.9730328,,,,
2014/1/31,97,41449,43181.44544,-1732.445438,,,,,,,,,,,,,,,-404.7026551,327.2301265,140.0463778,-122.0662438,-1129.349307,44370.28714,2568.608131,-6226.766616,2306.207112,-89.30664439,-2387.150219,45277.40824,38880.39187,,,,,,,,,,,,,5489.473179,-11932.31542,4726.23662,359.4999673,-385.9255558,-861.4412348,44053.4407,2425.769616,-7287.94285,3321.916984,-5.718317257,-361.5016881,-1153.680564,44510.15682,2385.947163,-6628.164484,2866.72995,-196.0524879,1768.716935,26985.03801,13268.16938,992.9051545,,,,
2014/2/28,98,40373,44323.87159,-3950.871589,,,,,,,,,,,,,,,493.1034995,381.1481751,356.2032641,-224.2683742,-1050.137309,44367.82233,-4948.199933,-733.5986928,3218.739879,-49.30391963,-2407.649986,45293.01265,45321.19993,,,,,,,,,,,,,-6008.978198,-1863.623352,5050.605824,451.1026777,-483.5350063,-852.3878841,44079.82021,-4956.220728,-2153.039648,4465.525307,7.023211196,-385.9731818,-1111.725478,44507.41052,-4974.569377,-1466.906818,3958.797808,-171.8823317,1735.702519,27023.00384,13270.72467,992.8380133,,,,
2014/3/31,99,60301,42940.54486,17360.45514,,,,,,,,,,,,,,,-585.1904845,-75.3474165,524.0195514,-319.5920427,-968.7185979,44365.37385,7079.894871,7122.231228,3216.002532,-2.386849669,-2423.289282,45308.5475,53221.10513,,,,,,,,,,,,,2721.436639,10422.00523,3934.999217,521.3937495,-564.4351975,-840.6129226,44106.27932,6273.401815,6637.226776,4346.816855,13.35449404,-407.3523728,-1067.177233,44504.72967,6290.141963,7189.308718,3938.730647,-143.644662,1707.922645,27062.42881,13273.38315,992.771609,,,,
2014/4/30,100,51615,42458.99397,9156.006032,,,,,,,,,,,,,,,-685.3680869,-552.1064431,625.3241095,-406.5780719,-885.2198131,44362.94228,-907.5228477,7292.032256,2289.689181,50.33884109,-2433.548204,45324.01077,52522.52285,,,,,,,,,,,,,48.62891948,6677.215321,1639.582011,569.6058343,-627.5343689,-825.926568,44133.47359,-1902.073624,7355.676857,3091.953528,13.28432197,-426.0736993,-1019.881693,44502.11431,-1865.820501,7698.31482,2841.018639,-113.3060403,1685.790908,27103.25956,13276.13688,992.7059418,,,,
2014/5/31,101,38978,43769.70703,-4791.707027,,,,,,,,,,,,,,,603.3273238,-557.6383242,647.0317411,-483.7765713,-799.7653375,44360.5282,-6416.81662,1597.350508,788.9260891,106.7842458,-2437.645139,45339.40092,45394.81662,,,,,,,,,,,,,965.2089856,-4084.030193,-1177.914064,594.5126378,-672.2948097,-808.1626312,44160.65691,-6993.910179,1858.904275,1015.63639,10.19002978,-442.6739771,-969.7113299,44499.56479,-6980.759395,1963.203791,996.948791,-83.09948779,1669.583746,27145.43949,13278.97802,992.6410117,,,,
2014/6/30,102,31307,43092.01262,-11785.01262,,,,,,,,,,,,,,,-420.4214542,-178.5569725,595.3948558,-550.0635862,-712.4724285,44358.13221,-5818.401349,-5111.698275,-847.4991906,164.5658933,-2434.684035,45354.71696,37125.40135,,,,,,,,,,,,,-2733.193775,-5585.992236,-3670.773001,594.7580553,-698.7532306,-787.1515481,44188.06495,-5896.444532,-4700.061788,-1230.436963,10.87449821,-457.4586772,-916.5549585,44497.08242,-5892.448217,-4822.283935,-1044.136731,-55.38535751,1659.501352,27188.90738,13281.89872,992.576819,,,,
2014/7/31,103,37886,44215.81362,-6329.813617,,,,,,,,,,,,,,,263.1597744,342.9646374,482.8776228,-605.4867614,-623.4565389,44355.75489,5139.872931,-8240.644278,-2180.718048,221.2915866,-2423.760132,45369.95794,32746.12707,,,,,,,,,,,,,1331.450236,-1673.355481,-5086.5936,569.3869908,-707.4639549,-762.7570401,44215.29126,5623.173156,-7894.67093,-3020.945531,14.6365247,-470.5442392,-860.3170083,44494.66803,5616.370345,-8168.095611,-2694.470139,-32.50684626,1655.687043,27233.59611,13284.89124,992.5133637,,,,
2014/8/31,104,38210,44041.1833,-5831.183301,,,,,,,,,,,,,,,-229.0627251,777.7552465,322.3115068,-650.3776002,-532.839954,44353.39683,3240.556249,-5431.618275,-2854.661345,274.5703738,-2403.969886,45385.12288,34969.44375,,,,,,,,,,,,,1406.484934,-1509.832764,-5013.766381,518.4086825,-699.4267322,-734.8479213,44242.95613,3873.988201,-5066.126085,-3822.411395,15.14395373,-481.9882091,-800.9282695,44492.3218,3857.699625,-5363.354585,-3481.405468,-16.77506117,1658.228783,27279.43177,13287.94792,992.450646,,,,
2014/9/30,105,38199,44531.95749,-6332.957495,,,,,,,,,,,,,,,340.5702083,838.9426235,127.1986096,-685.0426184,-440.7699466,44351.05861,-3939.920759,1635.566241,-2844.305614,321.8593334,-2374.410001,45400.2108,42138.92076,,,,,,,,,,,,,-2080.318028,447.0750143,-3502.128143,443.3339003,-675.9821084,-703.3232673,44270.34447,-3597.223508,2170.19665,-3641.817645,7.58350093,-491.4415298,-738.3404989,44490.04303,-3597.209553,1928.222134,-3393.407289,-9.941814498,1667.132328,27326.33359,13291.06116,992.388666,,,,
2014/10/31,106,51814,43163.4805,8650.519496,,,,,,,,,,,,,,,-592.6962307,548.1423565,-83.52434085,-709.7713369,-347.4107846,44348.74084,3224.631178,7355.136617,-2206.817976,360.0423535,-2334.212716,45415.22054,48589.36882,,,,,,,,,,,,,1763.433815,7736.757759,-1024.527294,347.447574,-638.7619968,-668.0925218,44297.76866,2806.232933,8352.004269,-2656.214744,-4.92263242,-498.3887184,-672.5408007,44487.82969,2797.918415,8220.364337,-2536.457707,-11.44571616,1682.276492,27374.21358,13294.22341,992.3274236,,,,
2014/11/30,107,50684,42305.89466,8378.105337,,,,,,,,,,,,,,,-851.4238106,67.89606742,-279.2416667,-724.8238616,-252.9561507,44346.44408,2252.910524,5952.298513,-1054.700841,386.0171876,-2282.675828,45430.15044,48431.08948,,,,,,,,,,,,,-1696.550786,7348.433001,1690.085413,235.8793648,-589.6375278,-629.0994081,44324.90269,1338.239741,7015.785303,-1035.916628,-13.84453472,-502.3771114,-603.5646177,44485.67785,1333.413345,7009.075844,-1056.521112,-19.40067768,1703.428143,27422.97671,13297.42715,992.2669185,,,,
2014/12/31,108,40039,42697.31394,-2658.313939,,,,,,,,,,,,,,,90.98140189,-423.1907617,-426.5856122,-730.4530829,-157.6069431,44344.16894,-2450.693816,-1410.445977,277.5565074,396.8246484,-2219.240049,45444.99869,42489.69382,,,,,,,,,,,,,-1137.916056,-6056.389551,3882.464827,115.3174567,-530.6051946,-586.3059006,44352.40519,-2992.009845,-1231.148391,828.9146394,-15.55956388,-503.2866976,-531.4916426,44483.5815,-2990.099941,-1143.653653,705.7653121,-31.651795,1730.292462,27472.52278,13300.66489,992.2071504,,,,
2015/1/31,109,41835,43697.57788,-1862.577884,,,,,,,,,,,,,,,1364.592296,-728.2660345,-492.0586398,-727.0400457,-61.56568725,44341.91599,3979.277023,-7250.02982,1399.829888,389.5327349,-2143.373237,45459.76341,37855.72298,,,,,,,,,,,,,7064.141844,-13570.93012,4972.099285,-6.486179832,-463.69641,-539.7082022,44379.54116,4464.774247,-8539.47434,2402.835305,-17.20697638,-501.0403206,-456.4210846,44481.53317,4473.07185,-8386.224486,2209.99987,-45.99280543,1762.545111,27522.74817,13303.92918,992.148119,,,,
2015/2/28,110,36822,41056.61799,-4234.617993,,,,,,,,,,,,,,,-1482.14202,-668.5271598,-451.9725023,-715.3765073,34.95034834,44339.68583,-6760.71536,-2193.679082,1995.285484,361.2094786,-2054.543269,45474.44275,43582.71536,,,,,,,,,,,,,-9218.082244,-2060.107289,4695.289962,-121.4296337,-390.9248012,-489.3247796,44406.55942,-6599.948504,-3362.924615,3200.122663,-20.72450692,-495.5746077,-378.4755917,44479.52516,-6589.579685,-3173.431171,2978.014296,-60.18865912,1799.845964,27573.5461,13307.21259,992.0898239,,,,
2015/3/31,111,62048,44690.06268,17357.93732,,,,,,,,,,,,,,,1478.177119,-237.485217,-323.822835,-696.0026091,131.717179,44337.47904,9249.324703,6912.53726,2040.398318,308.925905,-1952.221002,45489.03482,52798.6753,,,,,,,,,,,,,3999.283754,11435.34637,3151.668229,-221.8488879,-314.2715904,-435.2056184,44433.07074,8444.394092,6792.220841,3137.742256,-19.08365107,-487.0237436,-297.7998111,44477.55002,8439.002946,6970.423852,2941.857571,-72.26393284,1841.84764,27624.80667,13310.50774,992.0322643,,,,
2015/4/30,112,53611,43569.36734,10041.63266,,,,,,,,,,,,,,,-407.4163823,217.7751979,-135.4336892,-669.3640502,228.5100484,44335.29622,-487.5369766,8616.152875,1583.441831,231.3491695,-1835.94419,45503.53729,54098.53698,,,,,,,,,,,,,1382.365849,7919.866967,763.4181408,-301.2923969,-235.6101984,-377.4289127,44459.7125,-917.7061907,8495.796158,2259.085171,-11.7898551,-475.4206576,-214.5650967,44475.60047,-935.6728567,8617.463802,2137.868623,-81.49668073,1888.206517,27676.41654,13313.8073,991.9754392,,,,
2015/5/31,113,38309,43314.41787,-5005.417866,,,,,,,,,,,,,,,-1227.527958,434.2393388,85.37088347,-635.9065299,325.1042003,44333.13794,-10166.12797,3816.438318,712.7307679,133.6036835,-1705.591149,45517.94635,48475.12797,,,,,,,,,,,,,-215.3321685,-3299.54301,-1834.002124,-355.176887,-156.6636485,-316.106556,44485.79007,-9614.341576,3322.006057,717.1821489,0.33581359,-460.8725792,-128.9803966,44473.67053,-9616.344896,3356.679432,686.2091816,-88.08810896,1938.590033,27728.25854,13317.10396,991.9193476,,,,
2015/6/30,114,31601,43600.41364,-11999.41364,,,,,,,,,,,,,,,-1134.870092,272.2254895,306.8543201,-596.0757475,421.2748781,44331.00479,-8686.274831,-3405.962827,-300.3229522,22.86605585,-1561.563218,45532.25777,40287.27483,,,,,,,,,,,,,-2873.130509,-5378.656167,-3947.337527,-381.2082768,-78.98572716,-251.3810313,44511.63303,-7735.679066,-3630.762563,-1034.952213,15.72311514,-443.8201435,-41.26304218,44471.75391,-7719.115279,-3702.67138,-969.5164877,-92.40420612,1992.673211,27780.2119,13320.39042,991.8639884,,,,
2015/7/31,115,37939,44407.55679,-6468.556793,,,,,,,,,,,,,,,-285.3231074,-83.28637278,480.7889754,-550.3174021,516.7973257,44328.89737,3985.96995,-8957.337556,-1138.150917,-93.59438363,-1404.354477,45546.46738,33953.03005,,,,,,,,,,,,,1152.429832,-2183.147139,-5000.327481,-379.5523716,-3.973432543,-183.4197691,44536.93015,4702.451272,-8414.28494,-2472.903145,30.30616324,-424.7674541,48.35323723,44469.84487,4723.134531,-8582.721202,-2305.02293,-94.81386523,2050.136848,27832.15303,13323.6594,991.8093608,,,,
2015/8/31,116,39372,45270.76259,-5898.762585,,,,,,,,,,,,,,,639.7786991,-359.8723255,551.6703617,-499.0771932,611.4467866,44326.81626,5572.84874,-8803.897201,-1514.555221,-208.5714423,-1234.395942,45560.57107,33799.15126,,,,,,,,,,,,,2625.566633,-2726.480526,-4691.467331,-352.7340608,67.14336985,-112.425356,44562.3496,5819.982373,-7545.32236,-3145.698982,39.37055501,-403.8908911,139.6208525,44467.93845,5825.560127,-7779.724211,-2889.164814,-95.67946725,2110.665964,27883.95686,13326.90361,991.7554636,,,,
2015/9/30,117,37723,44323.71291,-6600.712912,,,,,,,,,,,,,,,-430.7403238,-312.3046415,479.7753547,-442.7780335,704.9985045,44324.76205,-4098.061335,-1064.94828,-1321.398671,-315.0549294,-1052.101537,45574.56475,41821.06133,,,,,,,,,,,,,-3005.660416,-557.0114473,-3090.904662,-305.2765801,133.3049651,-38.63013088,44587.1649,-4064.866767,374.1366256,-2942.546516,38.82393934,-380.8205371,232.2429678,44466.03029,-4063.177597,124.3715156,-2678.961279,-95.11805125,2173.954449,27935.49714,13330.11578,991.7022959,,,,
2015/10/31,118,53617,45096.07031,8520.929688,,,,,,,,,,,,,,,-20.88208613,86.86686497,292.019565,-381.8970806,797.2277231,44322.73532,2927.403438,7058.016831,-692.2293597,-406.7506276,-857.8846729,45588.44439,50689.59656,,,,,,,,,,,,,1623.892531,8029.25005,-635.903472,-243.1590759,193.6125732,37.69815712,44611.62831,2804.877974,8347.224402,-1998.210808,27.61646376,-354.492844,325.8679037,44464.11691,2797.500971,8143.624262,-1787.019945,-92.35436489,2239.705434,27986.64714,13333.28864,991.6498565,,,,
2015/11/30,119,54213,45611.21622,8601.783778,,,,,,,,,,,,,,,239.2201156,448.2929378,32.52707546,-317.470266,887.909686,44320.73667,2419.345623,7134.324464,186.8259266,-477.5291448,-652.1725512,45602.20568,51793.65438,,,,,,,,,,,,,-1198.139443,8596.923159,1988.386763,-173.1104794,247.3198706,116.2777389,44635.35111,1827.464577,8233.475468,-416.2475507,9.601681778,-323.5835482,420.0942154,44462.19516,1833.323191,8147.243241,-354.1691459,-86.30803502,2307.619243,28037.27986,13336.41492,991.5981446,,,,
2015/12/31,120,42415,44698.05505,-2283.055051,,,,,,,,,,,,,,,-427.3121156,329.3553644,-248.8956037,-250.6789114,976.8196368,44318.76668,-2394.502928,-938.3687913,1088.680855,-520.9950112,-435.6572572,45615.84313,44809.50293,,,,,,,,,,,,,-1394.278122,-5292.15186,4053.75054,-101.9113717,293.7975261,196.7904266,44658.96862,-3000.076529,-725.7335158,1463.008591,-10.49682391,-286.4375458,514.4734975,44460.26233,-2996.148582,-651.2278181,1346.602397,-75.85353156,2377.371997,28087.26829,13339.48733,991.5471591,,,,
2016/1/31,121,43336,45253.2454,-1917.245405,,,,,,,,,,,,,,,820.5769538,-284.8883924,-480.2975786,-182.7043385,1063.732819,44316.82594,4031.017051,-7206.995577,1622.41091,-529.8754718,-209.9068537,45629.34994,39304.98295,,,,,,,,,,,,,7048.729291,-13979.80476,5009.52728,-35.698272,332.523011,278.8982683,44681.78688,4416.922321,-8859.904418,2983.0335,-29.27433666,-241.613734,608.5206951,44458.31597,4405.262823,-8628.619243,2701.426952,-59.81629421,2448.589778,28136.4857,13342.4986,991.4968989,,,,
2016/2/29,122,38525,43017.14123,-4492.141232,,,,,,,,,,,,,,,-1243.548245,-503.730303,-584.2083896,-114.7113384,1148.424477,44314.91503,-6646.522147,-1459.057276,1462.626195,-497.9155256,23.15032962,45642.71842,45171.52215,,,,,,,,,,,,,-8673.769828,-2888.034843,4636.786343,20.56432321,363.07318,362.2285921,44704.13692,-6315.889379,-3623.571459,3540.521243,-45.9508724,-188.1754085,701.7123871,44456.35349,-6325.947166,-3307.010477,3149.138558,-36.94534562,2520.82585,28184.80547,13345.44146,991.4473631,,,,
2016/3/31,123,62775,45534.72839,17240.27161,,,,,,,,,,,,,,,571.6896918,-25.41243716,-507.3105737,-47.94269034,1230.669854,44313.03455,8768.521474,7803.413977,711.8295884,-426.0399071,261.334139,45655.94073,54006.47853,,,,,,,,,,,,,2688.293502,11383.32078,3082.701397,63.46743009,385.1453002,446.4089734,44725.71153,7691.088482,6944.355601,3073.623126,-55.94186775,-125.9791961,793.480422,44454.37343,7704.136616,7243.974861,2668.967602,-6.532353923,2593.550859,28232.10063,13348.30863,991.3985506,,,,
2016/4/30,124,58288,47389.76164,10898.23836,,,,,,,,,,,,,,,1558.850921,486.3332326,-292.6506981,15.79891822,1310.244193,44311.18507,3946.497358,8907.563337,-413.3174515,-324.1595571,502.4073053,45669.00901,54341.50264,,,,,,,,,,,,,2892.097726,8850.944513,776.9241091,91.33264565,398.5177119,531.0323374,44747.18626,2498.430462,8879.422387,1687.878876,-57.69743479,-55.63931875,883.2296686,44452.37536,2527.184454,9061.355302,1381.312192,29.62635746,2666.18013,28278.24362,13351.09284,991.3504605,,,,
2016/5/31,125,40461,45751.10533,-5290.105334,,,,,,,,,,,,,,,-391.1352813,379.5143104,-8.130327378,74.56669026,1386.922738,44309.3672,-7507.80636,3412.733111,-1665.873199,-204.1015201,744.1325593,45681.91541,47968.80636,,,,,,,,,,,,,-1010.06332,-2705.221041,-1714.494985,104.1696539,403.0465987,615.6837192,44767.84865,-8132.728869,3625.767679,-419.4354957,-55.04324827,21.70366025,970.3768989,44450.35937,-8119.971888,3596.833835,-494.3061423,69.13384911,2738.118598,28323.10664,13353.78681,991.3030916,,,,
2016/6/30,126,32769,44926.52259,-12157.52259,,,,,,,,,,,,,,,-1102.469438,-137.4784644,271.9944175,126.4138287,1460.480734,44307.58151,-7349.925101,-3796.867487,-2685.439286,-77.69284088,984.2726318,45694.65208,40118.9251,,,,,,,,,,,,,-2956.32037,-6437.354003,-3827.446305,103.4877583,398.6827539,699.9169171,44787.96853,-6663.597045,-3585.694859,-2539.984631,-48.49284935,104.0813339,1054.362546,44448.32551,-6664.834377,-3842.060993,-2361.523445,109.7017387,2808.779874,28366.56194,13356.38331,991.2564431,,,,
2016/7/31,127,38443,45012.57092,-6569.570924,,,,,,,,,,,,,,,-856.9130291,-596.0026308,459.5710222,169.3935365,1530.693423,44305.8286,2958.179059,-8402.966744,-3083.253821,43.24007362,1220.590254,45707.21118,35484.82094,,,,,,,,,,,,,1429.782539,-3965.524879,-5089.218181,91.9069783,385.517065,783.3026718,44807.17686,4634.965413,-8016.734078,-3910.901936,-34.19448769,188.9500684,1134.641471,44446.27355,4623.489316,-8443.320995,-3530.007418,149.0627748,2877.591461,28408.48188,13358.8751,991.2105138,,,,
2016/8/31,128,40845,46863.29412,-6018.294118,,,,,,,,,,,,,,,691.549811,-419.2596793,487.9998768,201.5590166,1597.336049,44304.10905,4222.880916,-8142.779951,-2554.007656,148.473687,1450.848156,45719.58485,36622.11908,,,,,,,,,,,,,2817.024732,-2931.489344,-5168.623959,72.77681956,363.7645355,865.3840935,44826.1301,5515.289749,-6648.266967,-3938.548464,-11.61201067,273.2495114,1210.684894,44444.20329,5514.878031,-7117.604012,-3483.480766,185.0687022,2943.992142,28448.73923,13361.25498,991.1653027,,,,
2016/9/30,129,39646,46480.58998,-6834.589975,,,,,,,,,,,,,,,-612.6152833,519.6132351,389.5490177,221.435712,1660.183855,44302.42344,-4138.967821,-2678.995134,-1174.797732,234.1863798,1672.809069,45731.76524,43784.96782,,,,,,,,,,,,,-3664.014778,1065.453416,-3928.748604,49.69042624,333.7619821,945.7128785,44844.15734,-4640.187701,1020.471069,-2828.202868,16.55108184,353.2735017,1281.981151,44442.11377,-4657.059342,644.7796505,-2403.865841,216.1009052,3007.42646,28487.20766,13363.51578,991.1208089,,,,
2016/10/31,130,56407,48109.51711,8297.482894,,,,,,,,,,,,,,,552.8580547,1088.004074,219.3439498,229.5268895,1719.011766,44300.77238,5414.630076,2366.822732,699.4101136,298.1568521,1884.235724,45743.7445,50992.36992,,,,,,,,,,,,,2232.093474,9472.98431,-1505.592722,26.13189331,296.0002393,1023.817571,44861.61114,4416.334556,6669.19082,-940.6857062,49.28510423,424.8394003,1348.031927,44440.0039,4387.601585,6485.45538,-655.4996988,240.6974944,3067.347662,28523.76285,13365.65036,991.0770314,,,,
2016/11/30,131,55517,46568.83423,8948.165768,,,,,,,,,,,,,,,-485.4729636,726.1123376,28.2814889,227.1656253,1773.591309,44299.15643,867.8588763,3807.526313,2665.045368,338.1638045,2082.890851,45755.51479,54649.14112,,,,,,,,,,,,,-1406.27957,9071.075959,1618.499435,5.120920272,251.1553197,1099.260957,44878.20137,3155.286783,4678.240187,1269.076293,84.51712681,483.6763871,1408.330111,44437.87311,3097.136582,4759.745376,1365.628585,257.3920312,3123.224642,28558.28329,13367.65166,991.033969,,,,
2016/12/31,132,44918,46837.26775,-1919.267747,,,,,,,,,,,,,,,149.2452986,497.417896,-146.439195,215.7862359,1823.681312,44297.5762,-10460.74567,2673.21588,4319.93843,351.985937,2266.537182,45767.06824,55378.74567,,,,,,,,,,,,,-1071.810511,-4893.660896,4628.146969,-10.96976115,200.0895947,1171.586103,44894.61705,-3177.660479,-1671.999244,3231.371341,111.8507567,526.3430103,1462.373568,44435.72105,-3284.64332,-1333.163583,3147.5922,264.7190992,3174.548974,28590.65103,13369.51265,990.9916208,,,,
2017/1/31,133,43933,45924.11347,-1991.113471,,,,,,,,,,,,,,,-55.23662007,-111.5246187,-271.0212073,196.8409064,1869.02274,44296.03227,-10718.89334,827.815949,5275.340973,337.401442,2432.937952,45778.39702,54651.89334,,,,,,,,,,,,,5429.792411,-14319.96003,6549.349858,-20.5291963,143.8260807,1240.359677,44910.15628,-810.9985801,-6136.702322,4262.675469,124.1372461,550.653237,1509.686642,44433.54831,-941.3004843,-5725.043504,4134.025669,261.2426955,3220.82888,28620.75178,13371.22636,990.9499858,,,,
2017/2/28,134,41817,46444.319,-4627.319004,,,,,,,,,,,,,,,2371.109293,-1990.786238,-311.6677504,171.7835683,1909.354903,44294.52522,-12122.26373,102.5494541,5174.327905,293.0331944,2579.859874,45789.4933,53939.26373,,,,,,,,,,,,,-5423.409358,-5630.328959,6579.669894,-22.71540784,83.56995157,1305.133527,44925.09594,-5149.932482,-3569.893993,3880.568592,118.9075688,556.1649977,1549.829724,44431.35559,-5215.34316,-3374.407519,3888.424246,246.2174001,3261.573575,28648.47461,13372.78592,990.9090629,,,,
2017/3/31,135,57845,40762.023,17082.977,,,,,,,,,,,,,,,-3314.99964,-2059.210233,-243.4949659,142.2333255,1944.438861,44293.05565,3873.426573,1422.221847,3821.733074,222.1932317,2705.07599,45800.34928,53971.57343,,,,,,,,,,,,,-954.4594594,8033.08563,4458.55206,-17.37841695,20.69015616,1365.509958,44939.06909,5563.25078,3218.175021,2409.74245,98.23780249,543.9968141,1582.453201,44429.14393,5556.782928,3189.223097,2539.3161,221.6497208,3296.290774,28673.71229,13374.18453,990.8688512,,,,
2017/4/30,136,62043,50481.97064,11561.02936,,,,,,,,,,,,,,,3495.287162,698.7169162,-88.24876222,110.4848277,1974.106353,44291.62414,9549.352207,2100.557037,1641.521215,134.1765988,2806.435167,45810.95778,52493.64779,,,,,,,,,,,,,5955.146094,9071.986157,690.4086046,-4.995055063,-43.28013062,1421.082234,44952.7331,7780.692228,7206.673728,439.6809064,65.07218265,516.6004173,1607.36517,44426.91537,7806.961202,7052.518564,606.7402588,190.6494878,3324.502349,28696.36175,13375.41559,990.8293496,,,,
2017/5/31,137,40280,45788.81762,-5508.81762,,,,,,,,,,,,,,,-2780.782658,2122.666075,79.49454536,78.9221108,1998.286263,44290.23128,-7119.221289,-494.277355,-849.180358,39.05732414,2882.307663,45821.31401,47399.22129,,,,,,,,,,,,,-3662.038296,1132.666147,-3534.274204,13.45615256,-106.7065056,1471.483525,44965.41861,-8022.331048,3263.552483,-1512.175976,24.81474319,476.9116014,1624.55518,44424.67302,-8025.465569,3086.51678,-1370.502141,156.3885962,3345.772309,28716.32506,13376.47269,990.7905571,,,,
2017/6/30,138,34656,46890.19494,-12234.19494,,,,,,,,,,,,,,,-595.5845466,942.3785352,187.6866026,49.90772803,2016.92896,44288.87766,-5799.500518,-5004.31156,-3249.574332,-54.06158542,2932.033857,45831.41414,40455.50052,,,,,,,,,,,,,-1830.731879,-3135.064608,-6740.709101,36.5171286,-167.8643634,1516.342551,44977.48189,-4409.723292,-4297.0125,-3105.845676,-16.46785155,428.4753357,1634.1532,44422.42078,-4444.800063,-4447.286877,-3042.767199,121.9346848,3359.751172,28733.51088,13377.34979,990.7524726,,,,
2017/7/31,139,39504,46256.12279,-6752.122791,,,,,,,,,,,,,,,596.2493289,-901.788199,218.3090202,25.80438009,2029.984398,44287.56386,3709.14244,-7679.6671,-5185.606633,-136.3011402,2955.178064,45841.25437,35794.85756,,,,,,,,,,,,,3542.095592,-2674.043027,-7745.391946,62.32980714,-225.0164057,1555.351814,44988.63694,6275.510133,-9103.70583,-4039.334189,-60.39757959,375.3990115,1636.365482,44420.16297,6238.346724,-9194.892251,-4107.658377,90.20994896,3366.211404,28747.83765,13378.04136,990.7150963,,,,
2017/8/31,140,38159,44355.11569,-6196.115694,,,,,,,,,,,,,,,-298.3772432,-1846.025674,167.3578828,8.467826801,2037.402423,44286.29048,1060.349512,-5127.598927,-6377.103758,-198.7823505,2951.304597,45850.83093,37098.65049,,,,,,,,,,,,,133.1228484,-2225.830689,-6148.307586,88.63300017,-276.4283208,1588.203542,44999.58136,2381.907824,-6383.793133,-4106.417516,-104.1706877,322.1353607,1631.434539,44417.90361,2360.859566,-6387.984113,-4367.686356,63.93256873,3365.054336,28759.24068,13378.54279,990.6784351,,,,
2017/9/30,141,38626,45622.95215,-6996.95215,,,,,,,,,,,,,,,797.4971509,-1540.336995,43.87141331,-2.27261034,2039.135103,44285.05809,-3963.482581,961.4055033,-6919.414499,-232.6262267,2919.977773,45860.14003,42589.48258,,,,,,,,,,,,,-4443.574123,-837.4812902,-2509.581016,112.839667,-320.4565851,1614.641154,45009.62597,-4667.974705,693.1205706,-3570.390942,-136.9057491,272.8777385,1619.626251,44415.64684,-4655.428046,793.8525115,-4044.736606,45.13876051,3356.312839,28767.68643,13378.85111,990.6425025,,,,
2017/10/31,142,53089,44850.39497,8238.605032,,,,,,,,,,,,,,,-1565.415899,202.437162,-98.53449011,-7.115725982,2035.156635,44283.86729,3757.958674,7831.823515,-7001.768218,-229.269429,2861.076905,45869.17855,49331.04133,,,,,,,,,,,,,2544.397931,2239.606985,1875.037036,132.1176003,-355.5858909,1634.411314,45019.06499,2315.570241,7497.448456,-2818.010207,-151.9227159,231.2913789,1601.226189,44413.39666,2330.104071,7704.51771,-3464.406607,34.17099197,3340.167556,28773.18629,13378.96581,990.6073122,,,,
2017/11/30,143,58939,49655.92129,9283.078708,,,,,,,,,,,,,,,1907.739729,1642.008005,-195.2260075,-6.833414074,2025.514315,44282.71866,5430.486157,11849.63207,-6811.291672,-183.520741,2775.748227,45877.94596,53508.51384,,,,,,,,,,,,,4620.570921,2388.31152,5492.248823,143.5726367,-380.5288194,1647.333059,45027.54884,4672.756656,10423.06234,-2192.611613,-152.5952257,200.6953554,1576.534939,44411.15755,4693.627614,10707.46224,-2951.558885,30.34518876,3316.967622,28775.79153,13378.88905,990.5728747,,,,
2017/12/31,144,46462,48132.56322,-1670.563225,,,,,,,,,,,,,,,1415.789417,623.9505952,-196.831686,-2.300187306,2010.342281,44281.6128,-5709.018524,10207.79138,-6489.753184,-98.94274724,2665.480698,45886.44237,52171.01852,,,,,,,,,,,,,-5666.881667,-1494.381529,7184.018415,144.5260122,-394.2460286,1653.233467,45035.75464,-4872.52762,7328.912993,-1992.489541,-139.5684117,182.8758494,1545.862723,44408.93401,-4872.833123,7627.867381,-2753.156389,32.2490726,3287.174566,28775.57445,13378.62491,990.5392011,,,,
