date,t,volume,seares,sea,M1,M2,M3,M4,M5,M6,M7,M8,M9,M10,M11,M12,S2,S,CIMF1,CIMF2,CIMF3,CIMF4,CIMF5,CIMF6,IMF1,IMF2,IMF3,IMF4,IMF5,emdres,SSA1,SSA2,SSA3,SSA4,SSA5,SSA6,SSA7,SSA8,SSA9,SSA10,SSA11,SSA12,WD1,WD2,WD3,WD4,WD5,WD6,CE1,CE2,CE3,CE4,CE5,CE6,CE7,EE1,EE2,EE3,EE4,EE5,EE6,EE7,E1,E2,E3,E4
2008/1/31,1,104025,106603.2363,-2578.236285,-2578.236285,-28688.51257,13347.18854,10153.0267,-2484.583995,1419.552076,2800.305681,-14942.78389,-9968.557718,20148.85782,12105.33049,-1244.570308,0,-4375.498915,586.5108066,8034.834619,4322.050734,-902.607356,94562.4475,94931.85076,6433.857767,-3714.397889,6157.891893,419.615135,94728.03309,97591.14223,,,,,,,,,,,,,11693.46962,-9442.057799,557.5446897,4006.258347,5969.803558,91239.9696,7729.894823,-5787.495857,983.3313425,5557.787903,-2867.743485,2526.72989,95882.49538,7747.882154,-6060.938721,2774.356545,4507.357269,-1234.767528,53707.73183,42583.82195,,,,
2008/2/29,2,75997,104685.5126,-28688.51257,-2773.459845,-28505.7456,13237.2709,9960.572592,-2071.616895,1585.300311,2411.695806,-14761.56899,-10004.17275,19826.48216,12345.79608,-1355.278368,0,-28830.83199,-791.2344161,8095.984054,4327.540373,-1506.03951,94559.2621,94946.44121,-19997.4398,-5656.944112,6558.278404,370.7886908,94722.31681,95994.4398,,,,,,,,,,,,,-22693.4938,-3372.229183,1088.428256,3595.347365,6125.205217,91253.68947,-17756.32423,-8611.381401,1241.388912,5698.145575,-3020.048754,2554.684989,95890.53491,-17738.61248,-8931.879309,3159.771899,4660.484,-1425.651839,53695.95943,42583.15217,,,,
2008/3/31,3,118278,104930.8115,13347.18854,-2995.044494,-28118.92749,13185.17172,9769.67233,-1598.92018,1737.161915,1893.183951,-14536.83474,-10077.74629,19398.65693,12766.21274,-1516.490234,0,15260.65049,769.3186497,7639.347709,4064.533439,-2100.437688,94558.04939,94961.40614,17709.0746,-477.3500036,6133.296302,193.9684893,94719.01061,100568.9254,,,,,,,,,,,,,12108.45552,4811.590209,1073.325993,2890.717396,6109.860737,91284.10756,17189.37673,-530.3176127,1108.213757,5251.30101,-3219.848586,2580.19343,95899.08127,17170.1454,-769.4924249,2812.10552,4431.573253,-1646.965374,53684.45585,42582.67202,,,,
2008/4/30,4,112075,101921.9733,10153.0267,-3416.350513,-27657.67033,13250.09863,9592.293538,-851.0469434,1971.45037,874.8946993,-14363.30612,-9782.491537,18662.86122,13112.83968,-1764.813931,0,14038.33365,-367.6868396,6833.962613,3575.309953,-2678.389638,94558.77721,94976.73865,7471.122998,5010.469639,4973.391205,-98.04137361,94718.05753,104603.877,,,,,,,,,,,,,4590.205416,7898.119165,405.1321093,1926.35117,5922.442531,91332.81356,4434.770663,7610.364737,680.7801087,4297.684047,-3459.886639,2603.1684,95908.11868,4409.075558,7523.239965,1897.650817,3876.913501,-1892.929475,53673.27875,42582.38583,,,,
2008/5/31,5,95670,98154.584,-2484.583995,-3829.832536,-27048.65016,13530.60012,9891.293,-173.9039026,1999.866514,-437.7524928,-14404.41453,-9722.857474,17676.6754,13776.6623,-1376.239274,0,-2884.463493,-1736.20563,5647.603564,2914.200174,-3232.427518,94561.41341,94992.43188,-7628.737818,5819.937865,3246.588491,-487.1891413,94719.4006,103298.7378,,,,,,,,,,,,,-7646.753588,6232.163376,-644.1121821,763.4095159,5567.05758,91398.24977,-10741.18665,8525.375636,88.96084026,2986.110001,-3730.377662,2623.487118,95917.63072,-10753.9767,8591.228049,674.3823342,3078.329476,-2155.939854,53662.48959,42582.29793,,,,
2008/6/30,6,96020,94600.44792,1419.552076,-4120.357728,-26633.75664,13609.77504,10600.72561,474.019984,1972.602376,-2184.039611,-14768.37115,-9487.910436,16430.96689,14553.90002,-349.1092032,0,3839.685696,-2383.130856,4037.202068,2135.534365,-3755.083482,94565.92582,95008.47894,853.7485976,173.2159611,1225.475636,-955.4230573,94722.98286,95166.2514,,,,,,,,,,,,,-908.1808355,2467.566301,-1559.505201,-513.9627261,5053.097357,91480.96984,521.7739001,-51.96943875,-478.1520237,1481.374467,-4021.642963,2641.016427,95927.59963,534.8273134,117.9387176,-553.5867494,2118.897874,-2428.314882,53652.15027,42582.41272,,,,
2008/7/31,7,92869,90068.69432,2800.305681,-4230.900479,-26419.87003,13649.23501,11716.47794,348.3774342,1912.03132,-3325.533568,-15431.46656,-9862.227864,15097.57727,15672.50412,1422.900859,0,-2769.946747,-3615.858973,2057.517891,1293.642788,-4238.889687,94572.2823,95024.87295,5812.616702,-5387.869986,-799.8026973,-1484.691365,94728.74735,87056.3833,,,,,,,,,,,,,5902.43893,-5337.535053,-1864.946137,-1805.992793,4394.972479,91579.99175,7727.499245,-8220.052028,-862.421288,-45.60721832,-4324.077999,2655.652618,95938.00667,7757.42976,-8001.645135,-1491.144915,1081.827111,-2702.379629,53642.32261,42582.73464,,,,
2008/8/31,8,75048,89990.78389,-14942.78389,-4176.13576,-26654.53386,13597.70216,12600.12526,-206.3531312,2268.778137,-3951.793342,-16411.8444,-10121.75628,13774.0588,16624.83505,3235.27178,0,-17485.22909,-316.2751678,-39.86903637,442.8557046,-4676.37829,94580.45068,95041.60702,-9518.225919,-5572.078128,-2541.390737,-2056.942307,94736.63709,84566.22592,,,,,,,,,,,,,-2467.66963,-13397.19615,-1388.530901,-3006.849471,3611.584352,91696.52562,-9126.795879,-7422.768594,-946.4877111,-1443.826641,-4628.27171,2667.318481,95948.83205,-9099.454599,-7229.924912,-1901.639934,47.92300016,-2970.465689,53633.06803,42583.26812,,,,
2008/9/30,9,79123,89091.55772,-9968.557718,-4090.52773,-27200.30062,13830.12601,13349.5773,-1035.164681,2705.68507,-3951.032564,-17264.8912,-10724.30631,12468.94224,17581.07851,4889.67395,0,-12522.89783,1959.234964,-2035.497978,-362.4966247,-5060.081448,94590.39881,95058.67428,-8159.125617,-1049.321456,-3761.02393,-2654.124128,94746.59513,87282.12562,,,,,,,,,,,,,-3501.579367,-7555.204997,-359.2703427,-4015.540276,2725.739166,91828.76873,-11293.52143,53.64292599,-732.9722077,-2615.421844,-4924.732003,2675.948352,95960.0562,-11290.97935,160.8342304,-1818.792689,-917.3572623,-3224.906724,53624.44742,42584.01764,,,,
2008/10/31,10,109082,88933.14218,20148.85782,-4053.7668,-27819.4659,14127.96889,13721.00343,-1664.848614,3186.294609,-3810.91809,-17654.30242,-11226.92331,11380.76125,18115.60164,6040.284273,0,9735.143596,4689.842679,-3908.179769,-1068.083938,-5382.531316,94602.09452,95076.06786,18440.0534,3560.369764,-4418.802592,-3258.18507,94758.5645,90641.9466,,,,,,,,,,,,,7506.835645,11862.44961,718.8500799,-4746.551672,1763.335292,91977.10513,12765.5484,6813.79679,-419.1684294,-3527.652409,-5203.685084,2681.499235,95971.6615,12752.43686,6799.875579,-1442.802913,-1774.811694,-3458.036574,53616.52107,42584.98767,,,,
2008/11/30,11,100233,88127.66951,12105.33049,-4212.311385,-28322.95582,14694.60134,13881.05187,-2284.064964,3509.448088,-3284.69534,-17562.48506,-11869.23908,10562.52895,18356.78807,6546.901792,0,18766.94291,5923.35839,-5155.35853,-1619.575973,-5636.260051,94615.50567,95093.78085,9643.008641,4218.813339,-4550.236186,-3851.074032,94772.48824,90589.99136,,,,,,,,,,,,,-7262.709763,18402.38465,1339.408842,-5139.056266,752.5578831,92140.40143,4583.942467,6741.134181,-119.3486221,-4185.253345,-5455.070383,2683.964003,95983.6317,4573.124273,6611.277124,-1002.146664,-2492.385055,-3662.256508,53609.34872,42586.18271,,,,
2008/12/31,12,87944,89188.57031,-1244.570308,-4401.484261,-28578.2094,15289.18478,13798.54764,-2606.19642,3764.177951,-2890.451361,-17312.23591,-12197.9773,10148.51076,18186.64562,6587.129049,0,7029.333752,7037.762377,-4699.414964,-1966.577394,-5813.799809,94630.6001,95111.8064,-73.8244706,1926.407258,-4281.801894,-4415.090271,94788.30938,88017.82447,,,,,,,,,,,,,806.3397137,-998.5222491,1257.008963,-5163.376439,-277.1023781,92319.60647,-2341.650705,1874.650897,6.023822131,-4605.161042,-5669.158875,2683.345318,95995.95059,-2366.452108,1702.3346,-705.7353406,-3038.90132,-3830.527128,53602.98953,42587.60728,,,,
2009/1/31,13,76682,79455.45985,-2773.459845,,,,,,,,,,,,,,,-6503.712918,-703.8472177,-2076.642914,-5907.682747,94647.34565,95130.13761,-8382.274262,-1091.193137,-3716.581337,-4933.922218,94805.97095,85064.27426,,,,,,,,,,,,,7995.874611,-18304.69557,597.8425836,-4823.904865,-1295.767085,92512.53695,-7663.27106,-3745.455507,46.70936079,-4806.911739,-5837.321672,2679.647743,96008.60287,-7641.940002,-3906.058857,-610.2361069,-3390.989162,-3957.128779,53597.50133,42589.26594,,,,
2009/2/28,14,67687,96192.7456,-28505.7456,,,,,,,,,,,,,,,5347.286318,4020.293733,-1928.13593,-5912.408676,94665.71015,95148.7676,-16171.92666,-2629.531149,-2945.36203,-5391.59617,94825.416,83858.92666,,,,,,,,,,,,,-10162.31536,-8205.239405,-232.4141284,-4158.097953,-2274.171997,92719.08469,-13971.7286,-6133.908334,-139.5143347,-4810.28929,-5951.995291,2672.859778,96021.57607,-13976.6001,-6223.822035,-717.4534338,-3547.523413,-4037.308037,53592.93879,42591.16325,,,,
2009/3/31,15,98750,85512.7291,13237.2709,,,,,,,,,,,,,,,-3976.318123,2155.052715,-1521.318935,-5830.348025,94685.66147,95167.6895,12866.49127,-1140.922861,-2050.020021,-5772.135948,94846.58756,85883.50873,,,,,,,,,,,,,3387.243687,9619.230076,-777.9733959,-3231.604487,-3184.560922,92937.64526,13697.8785,-2583.97175,-405.873692,-4647.905081,-6007.952033,2662.962445,96034.86161,13702.30509,-2563.411708,-966.2778885,-3546.905159,-4067.869064,53589.35103,42593.30384,,,,
2009/4/30,16,98067,88106.42741,9960.572592,,,,,,,,,,,,,,,3046.145966,-3016.322885,-964.7242223,-5665.83888,94707.16743,95186.89642,8412.508577,1921.403734,-1076.775599,-6059.565378,94869.42867,89654.49142,,,,,,,,,,,,,3694.730308,8101.835672,-766.4703062,-2130.287762,-4001.57969,93168.7703,6455.619455,3875.284626,-593.9749377,-4364.643233,-6003.672246,2649.932598,96048.45374,6472.115627,4014.536284,-1103.984107,-3450.576772,-4046.837038,53586.78057,42595.69236,,,,
2009/5/31,17,82771,84842.61689,-2071.616895,,,,,,,,,,,,,,,-606.909391,-3464.752883,-392.6973957,-5423.219326,94730.19589,95206.38148,-8883.325887,3061.286933,-62.93511105,-6237.908284,94893.88235,91654.32589,,,,,,,,,,,,,-3245.111493,-1515.15066,-225.6409831,-950.1375824,-4703.030333,93410.02633,-12565.46595,7059.433396,-463.7457989,-4015.66671,-5939.643093,2633.740238,96062.34791,-12561.67367,7273.187178,-832.0029746,-3322.333294,-3972.544289,53585.25663,42598.33349,,,,
2009/6/30,18,87574,85988.69969,1585.300311,,,,,,,,,,,,,,,-3372.611246,-366.04115,79.46485699,-5106.827447,94754.71468,95226.13781,-1800.51322,-180.1608665,925.9709275,-6291.188489,94919.89165,89374.51322,,,,,,,,,,,,,-1787.198416,196.8480969,560.3669484,213.3433075,-5270.530658,93661.12933,-4342.092243,2561.866939,124.2328103,-3643.939522,-5816.945965,2614.338243,96076.53974,-4353.636002,2762.618127,20.25355764,-3206.041107,-3843.431872,53584.74838,42601.23192,,,,
2009/7/31,19,96512,94100.30419,2411.695806,,,,,,,,,,,,,,,1191.0285,2463.114595,386.4707798,-4721.001328,94780.69164,95246.15852,10796.44895,-4739.93407,1711.515342,-6203.429817,94947.3996,85715.55105,,,,,,,,,,,,,3623.812368,2172.830868,1209.912219,1275.082595,-5690.020475,93920.32374,10979.81835,-5157.475101,918.4034637,-3274.424891,-5636.972614,2591.624571,96091.02623,10965.80133,-5035.494398,1138.165264,-3092.209873,-3658.881295,53585.13694,42604.39238,,,,
2009/8/31,20,84269,99030.56899,-14761.56899,,,,,,,,,,,,,,,4955.068208,3062.391866,475.0933376,-4270.079053,94808.09463,95266.43673,-306.0476617,-6529.692272,2087.046794,-5958.656092,94976.34923,84575.04766,,,,,,,,,,,,,-180.2004657,-7377.645418,1422.632088,2168.328826,-5952.129977,94187.90441,2154.786364,-9811.431769,1590.534224,-2933.85018,-5402.31467,2565.472411,96105.80362,2152.155258,-9793.516601,2086.293537,-2955.594519,-3421.370808,53586.27577,42607.81955,,,,
2009/9/30,21,77021,87025.17275,-10004.17275,,,,,,,,,,,,,,,-5258.496181,882.7076315,323.3634019,-3759.293587,94836.89148,95286.96556,-11393.03348,-2949.714232,1900.136528,-5543.072408,95006.68359,88414.03348,,,,,,,,,,,,,-4964.173713,-10365.67467,1092.419684,2849.660843,-6052.38578,94461.076,-8988.673567,-6723.137534,1835.951174,-2642.7448,-5117.023064,2535.762528,96120.86526,-8973.358348,-6790.956847,2492.675213,-2768.092428,-3136.408686,53588.01554,42611.51811,,,,
2009/10/31,22,105758,85931.51784,19826.48216,,,,,,,,,,,,,,,-4424.147893,-1348.270377,35.54899209,-3198.662927,94867.05005,95307.73812,8800.746158,5655.270926,1220.523818,-4956.886609,95038.34571,96957.25384,,,,,,,,,,,,,7985.891093,5403.179694,320.5522262,3300.520243,-5991.22593,94739.0962,8052.137455,4711.097734,1530.092545,-2387.445587,-4786.472898,2502.387737,96136.20301,8041.28423,4594.833137,2240.492494,-2502.864887,-2810.661123,53590.20679,42615.49271,,,,
2009/11/30,23,102851,90505.20392,12345.79608,,,,,,,,,,,,,,,478.5623081,-2019.972629,-248.0625008,-2603.861414,94898.53816,95328.74755,1101.184576,10708.8541,193.2812226,-4223.598509,95071.27862,101749.8154,,,,,,,,,,,,,-5737.437803,16467.48349,-650.3933224,3525.416986,-5773.86439,95019.79172,-2646.760553,12708.17513,714.2220999,-2125.171819,-4416.515476,2465.242505,96151.80811,-2629.739403,12582.63927,1287.201513,-2143.924113,-2451.045993,53592.70004,42619.74802,,,,
2009/12/31,24,92131,93486.27837,-1355.278368,,,,,,,,,,,,,,,2421.266656,-1468.698089,-406.9157858,-1990.698071,94931.32366,95349.98695,-4970.437877,6358.496116,-990.4979926,-3371.9856,95105.42535,97101.43788,,,,,,,,,,,,,-3202.550344,3425.839989,-1532.839532,3547.396337,-5410.010455,95303.14248,-8063.60478,8097.441405,-668.3471837,-1813.301801,-4013.091371,2424.229931,96167.6738,-8067.823572,8015.944395,-279.4344974,-1693.502189,-2064.538175,53595.34575,42624.28864,,,,
2010/1/31,25,92278,95273.04449,-2995.044494,,,,,,,,,,,,,,,2427.935911,-345.3611993,-404.1954372,-1370.709185,94965.3744,95371.44946,8618.82486,-7073.980003,-1976.533802,-2431.040009,95140.72895,83659.17514,,,,,,,,,,,,,13964.5289,-13682.64175,-2078.363495,3401.64618,-4913.449642,95586.21679,9835.999607,-9050.563618,-2063.519998,-1425.543891,-3581.42526,2379.256851,96183.79631,9836.730135,-9060.286279,-1917.315178,-1160.117107,-1658.019134,53597.9944,42629.11914,,,,
2010/2/28,26,65200,93318.92749,-28118.92749,,,,,,,,,,,,,,,-1237.98406,534.6371812,-227.4927636,-750.8910885,95000.65822,95393.12817,-14180.21329,-11997.36215,-2368.61471,-1430.942307,95177.13246,79380.21329,,,,,,,,,,,,,-17244.90246,-10119.0149,-2131.468248,3128.481139,-4301.493149,95868.24855,-12427.05189,-13918.83409,-2917.006461,-941.5285989,-3125.977322,2330.225108,96200.17325,-12423.44014,-13850.72015,-2971.77999,-553.4188845,-1237.792654,53600.4965,42634.24405,,,,
2010/3/31,27,107765,94579.82828,13185.17172,,,,,,,,,,,,,,,-681.2360019,237.6019379,123.1922651,-136.8728854,95037.14296,95415.01623,16890.31695,-2049.172575,-1887.962346,-402.7609235,95214.57889,90874.68305,,,,,,,,,,,,,9714.506833,4386.229152,-1655.284229,2766.746619,-3594.308313,96147.09422,14696.10226,366.6203671,-2785.347545,-355.2824054,-2650.942777,2277.048319,96216.80178,14690.55475,481.6879358,-2949.402423,110.1529966,-808.5224619,53602.7025,42639.66783,,,,
2010/4/30,28,105080,95310.32767,9769.67233,,,,,,,,,,,,,,,-541.6721879,-278.512004,589.8819111,465.8334774,95074.79647,95437.10674,1627.109346,8306.525917,-731.3376844,624.691119,95253.0113,103452.8907,,,,,,,,,,,,,1304.275495,8555.5204,-737.0155054,2348.759514,-2814.228127,96422.69638,-2398.310236,12711.79599,-1815.683215,289.4745907,-2160.638994,2219.683033,96233.67883,-2409.439064,12830.74534,-1999.692659,790.5883022,-373.437667,53604.46285,42645.39483,,,,
2010/5/31,29,95129,96727.92018,-1598.92018,,,,,,,,,,,,,,,-350.5238276,-149.72257,1062.863933,1051.716053,95113.58659,95459.39283,-12883.37397,10311.22315,785.5309889,1623.24712,95292.37272,108012.374,,,,,,,,,,,,,-5696.171992,3795.040825,425.7354921,1897.354899,-1984.960379,96692.00656,-15749.75969,13473.4534,-272.3849564,928.4893051,-1659.75877,2158.158984,96250.80173,-15749.71741,13547.05476,-430.3304574,1436.278556,64.53019746,53605.62788,42651.42929,,,,
2010/6/30,30,100162,98424.83808,1737.161915,,,,,,,,,,,,,,,-257.0143122,438.0312126,1475.077123,1615.262895,95153.48116,95481.8676,-1193.336346,1142.410163,2315.579628,2564.74038,95332.60617,101355.3363,,,,,,,,,,,,,764.1831824,587.1615785,1561.994928,1425.442895,-1130.842782,96954.07793,-1079.192305,1085.711276,1462.278464,1485.554332,-1153.031741,2092.51349,96268.16648,-1064.445868,1082.223673,1386.050516,1994.072123,502.4552712,53606.04771,42657.7753,,,,
2010/7/31,31,102944,101050.816,1893.183951,,,,,,,,,,,,,,,1069.212146,862.6470173,1773.546754,2150.962055,95194.44803,95504.5242,9933.223877,-9170.283927,3386.401142,3421.004199,95373.65471,93010.77612,,,,,,,,,,,,,6460.66385,-3773.596567,2388.531197,937.740048,-276.0112033,97206.63742,12702.57427,-12163.56113,2862.175582,1879.374375,-645.1113822,2022.779512,96285.76877,12710.91526,-12254.97038,2858.998893,2410.830036,937.4003722,53605.57135,42664.43677,,,,
2010/8/31,32,84439,98975.83474,-14536.83474,,,,,,,,,,,,,,,-1678.446474,856.1351729,1908.389422,2653.301587,95236.45503,95527.35572,-9185.965462,-9535.526689,3581.158917,4163.871877,95415.46136,93624.96546,,,,,,,,,,,,,-6356.546391,-10328.59761,2684.00425,434.1320848,556.2863347,97449.62396,-5916.022798,-13170.62004,3373.882334,2038.612225,-139.4253995,1948.969893,96303.60379,-5918.370345,-13327.34145,3408.20541,2633.639328,1366.329377,53604.04263,42671.41741,,,,
2010/9/30,33,93062,103139.7463,-10077.74629,,,,,,,,,,,,,,,2541.289814,348.5152683,1853.152013,3117.319188,95279.47002,95550.3553,-10549.00207,508.6857167,2873.152878,4771.194317,95457.96915,103611.0021,,,,,,,,,,,,,-2353.87095,-5876.893274,2354.260398,-86.13760853,1344.4426,97680.16551,-8850.283845,-1442.262382,2872.835786,1926.844931,362.1373875,1871.060951,96321.66717,-8856.608396,-1600.922144,2828.426382,2626.991059,1785.851918,53601.29697,42678.72064,,,,
2010/10/31,34,121965,102566.3431,19398.65693,,,,,,,,,,,,,,,2739.059863,-665.1693673,1628.079666,3540.912113,95323.46083,95573.51605,8995.929088,10730.42143,1492.635509,5244.892835,95501.12113,112969.0709,,,,,,,,,,,,,9944.423266,11209.03023,1465.320251,-620.3216648,2069.011476,97897.6185,7880.141082,11853.12775,1650.615839,1594.645418,857.479464,1789.035065,96339.95538,7879.218945,11740.6751,1456.759126,2423.40683,2191.900937,53597.16563,42686.34953,,,,
2010/11/30,35,110082,97315.78726,12766.21274,,,,,,,,,,,,,,,-1330.512032,-1909.137573,1261.870376,3925.171186,95368.3953,95596.83109,-1413.422985,10629.06045,-271.4041492,5592.906349,95544.86034,111495.423,,,,,,,,,,,,,-6884.578409,17081.90319,230.346213,-1158.95591,2713.287442,98100.05567,-4512.827399,13970.03916,105.8383158,1114.663422,1342.955243,1702.86489,96358.46637,-4527.29956,13912.69894,-252.1079067,2076.5595,2579.855695,53591.47966,42694.30667,,,,
2010/12/31,36,93313,94829.49023,-1516.490234,,,,,,,,,,,,,,,-2906.280491,-2732.887886,782.8373051,4271.580011,95414.24129,95620.29354,-6581.97786,547.7531573,-2065.078868,5823.173778,95589.12979,99894.97786,,,,,,,,,,,,,-4696.123147,-810.9410326,-1046.948799,-1684.301746,3263.644166,98287.70316,-8876.063579,3163.1028,-1339.122376,561.9285147,1813.480176,1612.475796,96377.19867,-8863.247582,3154.04901,-1847.625356,1641.502646,2944.724991,53584.071,42702.59411,,,,
2011/1/31,37,94367,97783.35051,-3416.350513,,,,,,,,,,,,,,,125.7968378,-2602.918672,218.9753517,4580.530361,95460.96663,95643.89652,9111.753039,-12803.97642,-3518.283201,5943.634041,95633.87254,85255.24696,,,,,,,,,,,,,14413.5383,-17988.16893,-2055.486461,-2170.67668,3709.904405,98457.88454,10417.6005,-13895.99012,-2349.347143,17.4260075,2263.416287,1517.742208,96396.15226,10405.71747,-13871.33932,-2917.922441,1173.447652,3281.359858,53574.77216,42711.21332,,,,
2011/2/28,38,71466,99123.67033,-27657.67033,,,,,,,,,,,,,,,965.9495702,-1800.19111,-402.6970677,4852.069767,95508.53917,95667.63315,-13341.7494,-12534.80202,-4298.70625,5962.226013,95679.03166,84807.7494,,,,,,,,,,,,,-15427.65166,-10614.12676,-2561.103915,-2586.661038,4045.392017,98610.09908,-11912.62562,-14125.71417,-2584.105803,-432.6956189,2687.306666,1418.506852,96415.32769,-11906.00108,-14111.54224,-3107.327305,726.2075439,3584.627962,53563.41638,42720.16515,,,,
2011/3/31,39,113540,100289.9014,13250.09863,,,,,,,,,,,,,,,1510.131538,-824.1096865,-1039.273954,5086.226753,95556.92675,95691.49654,15308.93387,901.8616981,-4282.365618,5887.017857,95724.5522,98231.06613,,,,,,,,,,,,,9004.013041,6892.357029,-2467.17241,-2898.71847,4267.004258,98742.60475,12690.37707,2811.919643,-2066.285944,-725.6154788,3080.274067,1314.605271,96434.72537,12688.58055,2730.314663,-2361.56333,342.7162106,3849.528917,53549.8439,42729.44978,,,,
2011/4/30,40,107845,98252.70646,9592.293538,,,,,,,,,,,,,,,-992.732082,-0.158873711,-1643.529639,5283.029844,95606.09721,95715.47983,-585.539245,10545.25723,-3612.015874,5726.911375,95770.38652,108430.5392,,,,,,,,,,,,,-720.2537986,10244.05647,-1834.068321,-3075.676745,4375.093972,98855.95567,-4592.03894,13370.58314,-1173.241584,-858.9720978,3438.425923,1205.89785,96454.3457,-4596.32464,13186.30473,-1140.515036,43.28708544,4071.40372,53533.91299,42739.06665,,,,
2011/5/31,41,99638,100489.0469,-851.0469434,,,,,,,,,,,,,,,571.5279167,987.2314792,-2168.238458,5442.507563,95656.0184,95739.57612,-10174.26603,10992.40807,-2488.832155,5492.201293,95816.48882,109812.266,,,,,,,,,,,,,-3695.510731,3958.3186,-852.7982512,-3093.241224,4373.341097,98947.97947,-12058.20192,11514.42464,-289.1859382,-854.0251855,3758.523552,1092.277573,96474.18728,-12058.86862,11299.00412,48.16934572,-157.7579252,4246.255965,53515.50994,42749.01441,,,,
2011/6/30,42,103977,102005.5496,1971.45037,,,,,,,,,,,,,,,874.1545688,2426.223183,-2566.174742,5564.688434,95706.65816,95763.77853,1123.634075,2910.254976,-1113.200581,5193.498207,95862.81332,102853.3659,,,,,,,,,,,,,1626.608138,1784.259427,216.9631646,-2937.92656,4268.388003,99018.82423,3221.069877,-434.9987593,421.0090765,-735.9972648,4038.03734,973.632405,96494.24733,3216.411595,-595.0828057,973.4857706,-247.0931553,4371.030492,53494.55429,42759.29085,,,,
2011/7/31,43,102605,101730.1053,874.8946993,,,,,,,,,,,,,,,-1098.090706,4210.723525,-2790.112825,5649.600982,95757.98433,95788.0802,6663.025414,-5127.664683,318.9123149,4841.412711,95909.31424,95941.97459,,,,,,,,,,,,,3282.457056,-2327.740018,1123.091978,-2609.592168,4069.440915,99067.43129,10944.79158,-10267.21676,823.479998,-535.0449526,4274.596225,849.872881,96514.52103,10947.11362,-10284.95945,1473.959081,-213.7847914,4444.407141,53471.00722,42769.89274,,,,
2011/8/31,44,86422,100785.3061,-14363.30612,,,,,,,,,,,,,,,-2797.42756,4868.322222,-2792.270512,5696.7172,95809.96475,95812.47422,-8664.407767,-6928.738322,1612.644895,4446.555402,95955.94579,95086.40777,,,,,,,,,,,,,-3700.650816,-12323.53632,1685.670543,-2122.317272,3787.858464,99094.98796,-6945.238741,-8936.973214,871.1368973,-288.4534527,4465.583438,720.9428497,96535.00222,-6938.903112,-8730.845022,1458.289336,-57.76606333,4466.864567,53444.88347,42780.81593,,,,
2011/9/30,45,90723,100505.4915,-9782.491537,,,,,,,,,,,,,,,-1584.88383,3063.958698,-2539.167292,5703.016723,95862.5672,95836.95373,-8766.268282,-3143.045314,2610.114535,4019.536874,96002.66219,99489.26828,,,,,,,,,,,,,-2117.614765,-10024.0404,1831.595875,-1503.425154,3436.670298,99099.8435,-11249.03457,-402.8378468,665.2246226,-41.29575794,4608.425778,586.833308,96555.68446,-11256.30896,18.89475887,1113.524564,190.7253475,4439.623909,53416.25795,42792.05558,,,,
2011/10/31,46,120379,101716.1388,18662.86122,,,,,,,,,,,,,,,2644.833066,-445.4337641,-2062.877342,5663.858322,95915.75852,95861.51185,15900.29244,1556.967528,3301.354661,3570.967723,96049.41764,104478.7076,,,,,,,,,,,,,7015.74975,10447.54088,1594.280423,-791.1240254,3030.059474,99082.60952,11766.34999,6336.504292,400.0899202,151.4163661,4700.447075,447.6320071,96576.56035,11778.37004,6839.946934,721.118066,483.7818554,4364.117877,53385.27639,42803.60639,,,,
2011/11/30,47,118069,104956.1603,13112.83968,,,,,,,,,,,,,,,8541.32578,-3717.002832,-1412.002636,5574.339447,95969.50054,95886.14169,12088.35632,3059.641052,3713.98276,3110.853493,96096.16638,105980.6437,,,,,,,,,,,,,-4950.879848,20338.42827,1087.035309,-30.93881635,2582.742555,99042.70123,10143.51805,5821.835371,207.8036398,256.0935104,4738.529065,303.598411,96597.62195,10164.50181,6196.38121,516.2819677,771.4122655,4241.954433,53352.15065,42815.46278,,,,
2011/12/31,48,103305,105069.8139,-1764.813931,,,,,,,,,,,,,,,8954.832061,-4703.185669,-635.1451521,5429.568017,96023.74464,95910.83637,-1397.578869,2029.901693,3883.575114,2646.239456,96142.86261,104702.5789,,,,,,,,,,,,,-504.2065034,1524.466613,464.9693403,728.3836415,2109.540659,98981.90205,602.0951618,820.8380543,118.4715325,269.8950323,4719.672765,155.166362,96618.86109,647.0226537,914.4445956,505.0123786,1014.934562,4074.897134,53317.14005,42827.61893,,,,
2012/1/31,49,86116,89945.83254,-3829.832536,,,,,,,,,,,,,,,-9500.007774,-2055.281112,198.0272757,5224.655809,96078.43834,95935.58901,-16417.45566,294.1221516,3868.738116,2181.134846,96189.46054,102533.4557,,,,,,,,,,,,,3049.302213,-18782.23396,-114.2512316,1439.043439,1624.828644,98899.2873,-11645.07373,-3812.489322,70.71079721,218.4557042,4641.171905,2.955546656,96640.2691,-11623.29327,-4034.650804,582.2922043,1196.289929,3864.744048,53280.51986,42840.0688,,,,
2012/2/29,50,86652,113700.6502,-27048.65016,,,,,,,,,,,,,,,9092.228797,2586.594267,933.583387,4954.714975,96133.52877,95960.39273,-14405.38503,-631.1549562,3734.782761,1717.842818,96235.9144,101057.385,,,,,,,,,,,,,-2973.164378,-11844.69603,-526.4977036,2057.812653,1142.168488,98796.30533,-10450.62235,-4072.249823,16.00046832,148.9437604,4500.387027,-152.2965472,96661.83747,-10449.42724,-4553.410878,641.4424498,1309.604122,3613.327253,53242.57155,42852.8063,,,,
2012/3/31,51,111444,97913.39988,13530.60012,,,,,,,,,,,,,,,-7851.342481,3564.395547,1396.526064,4614.857665,96188.96308,95985.24065,10846.50036,-490.1002692,3547.382388,1258.039118,96282.1784,100597.4996,,,,,,,,,,,,,3023.276161,7237.572789,-712.5703237,2548.771795,673.7959816,98673.18964,10918.83605,-193.1558284,-60.06375814,109.6541013,4295.020934,-309.8488663,96683.55737,10881.45393,-846.5604977,653.841778,1354.723173,3322.778672,53203.584,42865.82522,,,,
2012/4/30,52,110037,100145.707,9891.293,,,,,,,,,,,,,,,-2330.905854,572.5994683,1458.436909,4200.888065,96244.68841,96010.12589,9271.785619,271.8621079,3361.927583,803.2179326,96328.20676,100765.2144,,,,,,,,,,,,,-1882.063643,10968.62139,-697.5035797,2885.10913,230.4125313,98532.44957,5617.567937,4180.289491,-148.4767918,127.0584593,4024.117219,-468.9768467,96705.42053,5523.939281,3502.671207,622.9590662,1335.439747,2995.775215,53163.85544,42879.1193,,,,
2012/5/31,53,102867,103040.9039,-173.9039026,,,,,,,,,,,,,,,4328.116043,-2476.454928,1175.896689,3712.694197,96300.6519,96035.04157,2533.2601,419.9429027,3185.006086,354.8372278,96373.95368,100333.7399,,,,,,,,,,,,,-1164.750249,3370.402826,-583.1605941,3049.885954,-179.1598088,98373.71924,-1603.341874,4603.623665,-123.6996785,203.292358,3688.672535,-628.9680883,96727.42108,-1711.442001,4089.84801,565.1770056,1257.717304,2635.693135,53123.68687,42892.68221,,,,
2012/6/30,54,102438,100438.1335,1999.866514,,,,,,,,,,,,,,,2475.839624,-2204.64943,654.0236617,3156.11896,96356.80068,96059.98081,3863.545123,-725.71183,2966.423138,-85.62982644,96419.3734,98574.45488,,,,,,,,,,,,,2153.491181,101.0925108,-503.8264673,3036.312255,-548.0135844,98198.90736,3797.071786,-902.066554,-27.44816437,318.3692257,3291.653435,-789.1339757,96749.55425,3686.562047,-1117.183998,502.734788,1128.090661,2246.68168,53083.37824,42906.50766,,,,
2012/7/31,55,96822,97259.75249,-437.7524928,,,,,,,,,,,,,,,-1647.156225,-85.35892983,40.86477755,2538.320956,96413.08191,96084.93673,-393.5179551,-1363.175933,2630.929334,-516.6555551,96464.42011,97215.51796,,,,,,,,,,,,,510.8045884,-3120.997586,-552.5253366,2847.321848,-871.3303711,98008.67355,4143.600859,-6509.37263,102.1768323,424.6275337,2837.938252,-948.7856748,96771.81483,4070.449987,-6425.105672,441.8329751,951.7017875,1833.682812,53043.22776,42920.58931,,,,
2012/8/31,56,85889,100293.4145,-14404.41453,,,,,,,,,,,,,,,1018.141897,1386.250611,-446.87952,1866.458793,96469.44272,96109.90244,-11242.0042,-558.0828861,2116.747703,-936.7086589,96509.04804,97131.0042,,,,,,,,,,,,,-1785.687219,-10767.90439,-712.3714423,2495.111457,-1146.295876,97806.04277,-5205.850647,-7584.880853,188.9284563,469.2101441,2334.613066,-1107.218702,96794.19854,-5232.06517,-7328.337943,381.9684384,733.3301982,1402.214037,53003.53286,42934.92083,,,,
2012/9/30,57,87752,97474.85747,-9722.857474,,,,,,,,,,,,,,,-748.6430254,1180.938885,-630.9597132,1147.691075,96525.83025,96134.87107,-10741.33602,1841.47129,1442.931109,-1344.27778,96553.21141,98493.33602,,,,,,,,,,,,,-1972.971888,-7654.758076,-839.8116677,2000.324852,-1372.116348,97591.25811,-8246.719277,-1907.170406,131.4816701,430.2325348,1791.174431,-1263.700499,96816.70155,-8245.423786,-1682.069701,324.7090061,478.6009629,958.114093,52964.59106,42949.49586,,,,
2012/10/31,58,113567,95890.3246,17676.6754,,,,,,,,,,,,,,,-703.7598701,171.0782919,-549.5520436,390.3665795,96582.19164,96159.83574,13840.95802,4165.502853,701.5309145,-1737.85621,96596.86442,99726.04198,,,,,,,,,,,,,6461.246652,10625.62486,-728.5434367,1391.516485,-1549.752329,97366.91969,8708.243659,7886.883197,3.056763079,327.4638365,1219.495836,-1417.46543,96839.32214,8753.143754,7945.169655,283.9877988,194.7981953,507.3720502,52926.70014,42964.30806,,,,
2012/11/30,59,109439,95662.3377,13776.6623,,,,,,,,,,,,,,,738.1452337,-1022.474008,-299.8382756,-391.9692896,96638.47404,96184.78955,11560.57733,3363.866412,-9.467800219,-2115.937241,96639.9613,97878.42267,,,,,,,,,,,,,-4761.36639,18280.83401,-237.3429212,704.258721,-1681.731232,97134.32972,2243.977085,11223.96563,-159.3787694,203.4488185,632.6750116,-1567.74762,96862.05985,2289.03628,11055.4629,275.134193,-108.8627779,56.04079594,52890.15812,42979.35109,,,,
2012/12/31,60,91734,93110.23927,-1376.239274,,,,,,,,,,,,,,,-853.4403171,-1566.173693,16.6002804,-1181.371583,96694.62458,96209.72566,-711.6274995,-1135.135443,-624.6791467,-2477.014164,96682.45625,92445.6275,,,,,,,,,,,,,-4165.023486,208.190467,585.5437828,-19.92799557,-1771.878653,96897.03314,-6323.163172,3040.31927,-294.5170221,96.19576509,44.04296382,-1713.792616,96884.91481,-6290.895435,2670.359722,311.7734636,-421.2070579,-389.7962848,52855.26329,42994.61859,,,,
2013/1/31,61,91422,95542.35773,-4120.357728,,,,,,,,,,,,,,,1072.301391,-621.4846493,295.2677351,-1954.317158,96750.59041,96234.63722,5600.447531,-6996.303732,-1086.866693,-2819.580612,96724.30351,85821.55247,,,,,,,,,,,,,13931.17744,-18070.02965,1465.602239,-735.3447737,-1825.07684,96655.59223,9905.275504,-12733.17267,-295.2838818,24.73625662,-532.6156215,-1854.828498,96907.88891,9925.92657,-13196.2023,408.7459703,-729.6598493,-824.0458844,52822.31428,43010.10422,,,,
2013/2/28,62,67851,94484.75664,-26633.75664,,,,,,,,,,,,,,,-1365.991544,1289.389732,444.4793096,-2689.439526,96806.31867,96259.51749,-18261.02587,-6141.578023,-1369.72228,-3142.131095,96765.45727,86112.02587,,,,,,,,,,,,,-16438.88853,-10882.11856,2000.561263,-1394.580027,-1846.879684,96412.79071,-12826.19021,-13058.99963,-99.67114382,-22.50704629,-1082.544189,-1990.072025,96930.98424,-12849.57121,-13431.15731,568.6868676,-1020.523719,-1240.613905,52791.61002,43025.80163,,,,
2013/3/31,63,111063,97453.22496,13609.77504,,,,,,,,,,,,,,,1603.088677,1971.51125,386.6124443,-3369.743902,96861.75649,96284.3599,17267.9602,2003.07353,-1570.74845,-3443.157038,96805.87176,93795.0398,,,,,,,,,,,,,9645.913693,7177.848949,1863.999774,-1951.669026,-1843.122758,96170.04338,13980.52506,3632.267024,285.7408736,-80.96375507,-1590.008673,-2118.763345,96954.20282,13975.10368,3474.603996,727.2185529,-1278.536577,-1633.411607,52763.44974,43041.70446,,,,
2013/4/30,64,103559,92958.27439,10600.72561,,,,,,,,,,,,,,,-748.5019612,664.9330238,106.7134459,-3981.721142,96916.85102,96309.15872,4609.817145,7643.572455,-1818.743308,-3721.147482,96845.50119,98949.18285,,,,,,,,,,,,,127.6027918,10677.59691,1008.35987,-2365.958774,-1819.657058,95931.05358,-3055.36154,13521.44643,578.003423,-182.8448698,-2039.611908,-2240.177783,96977.54625,-3055.54457,13591.8352,701.9614107,-1488.506759,-1996.397056,52738.13291,43057.80636,,,,
2013/5/31,65,89947,89472.98002,474.019984,,,,,,,,,,,,,,,-1622.612284,-1085.253026,-278.1559031,-4512.548173,96971.54941,96333.90952,-7844.588139,7084.538309,-2202.642804,-3974.607146,96884.29978,97791.58814,,,,,,,,,,,,,-4583.521655,3480.303657,-258.4130452,-2606.006693,-1782.049424,95696.59507,-13076.54426,10584.09404,557.0455304,-348.286548,-2416.737616,-2353.586602,97001.01546,-13048.64479,10818.76364,348.2554485,-1639.687032,-2323.672609,52715.95896,43074.10095,,,,
2013/6/30,66,91468,89495.39762,1972.602376,,,,,,,,,,,,,,,-299.2280126,-1661.913029,-619.8581947,-4949.401923,97025.79878,96358.60888,813.7876301,585.6643487,-2651.625469,-4202.048251,96922.22174,90654.21237,,,,,,,,,,,,,1626.707705,151.09764,-1390.767976,-2653.526161,-1735.304743,95469.6985,2328.007716,-2443.311902,292.7166303,-567.0654327,-2708.719818,-2458.238294,97024.6111,2354.597521,-2107.631262,-231.5638558,-1726.714943,-2609.597047,52697.22685,43090.58187,,,,
2013/7/31,67,89148,91332.03961,-2184.039611,,,,,,,,,,,,,,,1379.713085,-1051.291269,-796.4691717,-5279.459318,97079.54628,96383.2539,4521.210611,-4875.516529,-3054.931503,-4401.983871,96959.22129,84626.78939,,,,,,,,,,,,,3234.442671,-3273.724469,-1875.090109,-2506.129135,-1683.537067,95251.93972,10477.36379,-12000.41935,-126.6365362,-791.5350801,-2905.746607,-2553.359352,97048.33314,10461.82424,-11644.69437,-871.3524048,-1746.119558,-2848.962538,52682.2337,43107.24275,,,,
2013/8/31,68,76056,90824.37115,-14768.37115,,,,,,,,,,,,,,,-184.5760776,157.0226325,-788.2704774,-5492.543989,97132.73906,96407.84176,-8115.842885,-4948.683683,-3301.798997,-4572.927083,96995.25265,84171.84288,,,,,,,,,,,,,-2974.79124,-10698.57054,-1509.016261,-2178.900934,-1629.87635,95047.01943,-5070.459001,-8790.571615,-555.5909336,-961.3453604,-3000.027823,-2638.186675,97072.18141,-5061.781054,-8536.188053,-1407.392335,-1694.138075,-3037.408327,52671.2687,43124.07721,,,,
2013/9/30,69,80549,90036.91044,-9487.910436,,,,,,,,,,,,,,,-1803.10527,834.9279318,-589.5469525,-5590.689522,97185.32425,96432.36964,-7563.331231,-916.9739125,-3287.651267,-4713.313612,97030.27002,88112.33123,,,,,,,,,,,,,-3025.130034,-7475.516273,-525.9037135,-1703.700266,-1576.333614,94855.4834,-10780.15257,1854.393807,-903.354471,-1018.886652,-2987.157581,-2711.998121,97096.15559,-10784.65931,1954.220708,-1697.79943,-1566.16849,-3172.261754,52664.59667,43141.07884,,,,
2013/10/31,70,110632,94201.03311,16430.96689,,,,,,,,,,,,,,,2485.361661,274.7664638,-211.2752523,-5585.075729,97237.25597,96456.83473,18358.99275,2962.733484,-2932.127583,-4821.826283,97064.22763,92273.00725,,,,,,,,,,,,,7657.004624,10423.93819,521.5684912,-1126.709034,-1523.772702,94679.97128,11150.2802,9912.082417,-992.8400519,-912.6633952,-2870.874954,-2774.240118,97120.25591,11141.52558,9879.042549,-1600.297143,-1360.959455,-3253.768761,52662.42662,43158.24121,,,,
2013/11/30,71,106746,92192.09998,14553.90002,,,,,,,,,,,,,,,454.6629419,-304.1150278,241.5693172,-5488.533499,97288.51625,96481.23419,13576.36837,3130.683359,-2158.834921,-4899.296503,97097.0797,93169.63163,,,,,,,,,,,,,-4789.174015,17923.30439,1065.815806,-503.7199972,-1471.847238,94521.58945,7946.978843,8482.633527,-710.7185271,-628.2193903,-2664.41195,-2824.743148,97144.48065,7923.05005,8378.092377,-1018.881407,-1091.139638,-3285.06352,52664.87572,43175.55781,,,,
2013/12/31,72,91400,91749.1092,-349.1092032,,,,,,,,,,,,,,,-523.2799547,-423.8601496,671.0558829,-5313.900948,97339.09437,96505.56521,-400.9809507,573.6198869,-954.307467,-4947.111953,97128.78048,91800.98095,,,,,,,,,,,,,-2866.958036,350.1294276,846.4075291,105.8752428,-1419.124645,94383.60616,-806.8845013,659.5885361,-166.9834273,-207.2468553,-2383.82749,-2863.470689,97168.82443,-829.6465395,524.7742409,-111.3046669,-773.685062,-3270.472589,52672.01866,43193.02204,,,,
2014/1/31,73,84412,88642.90048,-4230.900479,,,,,,,,,,,,,,,-4725.416864,45.94611492,1007.407817,-5074.016254,97388.97967,96529.82472,-5880.076624,-2341.534247,440.9868367,-4966.667019,97159.29105,90292.07662,,,,,,,,,,,,,8408.833444,-17604.06961,58.11351391,646.0419152,-1363.218735,94266.20131,-1073.1312,-7488.586251,443.7502159,272.246332,-2045.130426,-2890.429408,97193.28074,-1058.494419,-7638.136954,873.8130912,-425.6137533,-3214.601316,52683.92243,43210.62716,,,,
2014/2/28,74,72839,99258.87003,-26419.87003,,,,,,,,,,,,,,,4668.685522,702.0671016,1231.673529,-4781.717595,97438.16147,96554.00913,-17927.01395,-3206.106612,1742.904196,-4959.38545,97188.60182,90766.01395,,,,,,,,,,,,,-9443.774005,-10889.91677,-768.8945417,1070.779088,-1300.997767,94171.69131,-12730.2499,-8729.413759,935.0466525,715.4202053,-1664.032505,-2905.611774,97217.84108,-12714.98766,-8866.765241,1688.797669,-63.86505331,-3122.118498,52700.65222,43228.36621,,,,
2014/3/31,75,107145,93495.76499,13649.23501,,,,,,,,,,,,,,,-813.758521,-65.49625052,1338.233789,-4449.84315,97486.62912,96578.11448,12797.84084,-693.4426404,2750.589604,-4926.710294,97216.72249,94347.15916,,,,,,,,,,,,,7242.525987,6772.657154,-1091.823098,1349.665454,-1228.821125,94100.79878,12241.49242,-426.7119142,1220.616322,1032.446804,-1256.340076,-2908.99921,97242.49566,12246.64885,-530.7327864,2152.94265,294.6279819,-2997.718362,52722.27129,43246.23197,,,,
2014/4/30,76,101917,90200.52206,11716.47794,,,,,,,,,,,,,,,-3181.607374,-1387.050645,1326.038987,-4091.230862,97534.37195,96602.13677,3608.716638,2635.475548,3299.229621,-4870.088435,97243.66663,98308.28336,,,,,,,,,,,,,-2517.822016,10738.37126,-688.414641,1471.406899,-1142.789437,94056.26252,-2196.865235,8159.585567,1266.410466,1158.675383,-837.4644374,-2900.574466,97267.23272,-2197.265045,8102.923222,2207.357272,633.7746115,-2846.11009,52748.8415,43264.21684,,,,
2014/5/31,77,96068,95719.62257,348.3774342,,,,,,,,,,,,,,,2358.272056,-1697.49174,1195.600112,-3718.13716,97581.3793,96626.072,-3353.742937,3715.192611,3228.044165,-4790.941836,97269.448,99421.74294,,,,,,,,,,,,,-2471.860103,3892.839442,203.8240222,1444.665759,-1039.065968,94037.5428,-9209.11383,9140.793392,1073.668568,1071.821203,-420.8892695,-2880.319057,97292.03899,-9211.54333,9124.70672,1819.634267,942.430565,-2672.008841,52780.42343,43282.31264,,,,
2014/6/30,78,98659,96746.96868,1912.03132,,,,,,,,,,,,,,,1633.640579,-125.7233424,951.2819745,-3339.871029,97627.6405,96649.91614,2557.203074,1045.534934,2453.009253,-4690.827808,97294.08055,96101.79693,,,,,,,,,,,,,3264.466081,-65.3805417,1031.691946,1296.260171,-914.170344,94046.09388,3141.756449,-348.9034043,614.431225,798.7531884,-15.72331703,-2848.215734,97316.90159,3135.922339,-331.5866908,1001.775135,1216.871842,-2480.114044,52817.07686,43300.51019,,,,
2014/7/31,79,92397,95722.53357,-3325.533568,,,,,,,,,,,,,,,-1574.894862,1980.365241,606.6990718,-2962.780763,97673.14488,96673.66519,284.2281973,-1830.087379,1197.502406,-4572.221498,97317.57827,92112.7718,,,,,,,,,,,,,561.6372637,-3817.884863,1270.274648,1066.536698,-765.3493171,94081.72893,6320.956705,-9262.304651,31.76347782,398.5352775,370.4708904,-2804.229367,97341.80767,6333.654784,-9223.274673,-69.35451812,1453.309154,-2275.09062,52858.86161,43318.79897,,,,
2014/8/31,80,81298,96729.46656,-15431.46656,,,,,,,,,,,,,,,-1129.125405,2555.656244,178.6547649,-2593.60083,97717.88179,96697.31514,-8558.10519,-2807.774,-238.2421933,-4437.833787,97339.95517,89856.10519,,,,,,,,,,,,,-3474.030139,-10342.54968,755.8756915,803.0411905,-590.7788591,94146.33375,-3180.508577,-10249.26754,-569.7619932,-50.1909496,729.3035598,-2748.3192,97366.7447,-3187.73283,-10175.66335,-1175.858382,1647.282988,-2061.590222,52905.83759,43337.1666,,,,
2014/9/30,81,88613,98475.22786,-9862.227864,,,,,,,,,,,,,,,1840.407687,1414.436194,-300.125362,-2241.331206,97761.84055,96720.86199,-1702.117592,-1181.069839,-1574.662246,-4290.375555,97361.22523,90315.11759,,,,,,,,,,,,,1214.576975,-6804.214197,-199.0733623,552.8671273,-389.8445117,94238.61616,-4256.124965,-1397.445459,-1028.887948,-467.5737334,1051.758553,-2680.428062,97391.70161,-4263.504065,-1274.636182,-2113.980823,1794.148227,-1844.261478,52958.06381,43355.59895,,,,
2014/10/31,82,107142,92044.42273,15097.57727,,,,,,,,,,,,,,,-2220.925812,-882.4012441,-741.6969372,-1915.563776,97805.0105,96744.30171,15511.52901,996.5091948,-2614.88298,-4132.557684,97381.40246,91630.47099,,,,,,,,,,,,,3778.038533,9798.443694,-986.0413429,355.5562094,-163.3175598,94359.34184,3617.889602,9489.77073,-1326.510874,-785.5452501,1330.21635,-2600.487557,97416.667,3589.306792,9640.706021,-2734.627622,1889.284975,-1627.688709,53015.59631,43374.08085,,,,
2014/11/30,83,105799,90126.49588,15672.50412,,,,,,,,,,,,,,,-2356.474573,-2694.06123,-1045.53895,-1624.810345,97847.38098,96767.63031,14008.87096,1539.42077,-3182.701509,-3967.091054,97400.50083,91790.12904,,,,,,,,,,,,,-4911.640772,16950.11498,-1070.383455,236.86754,86.42339736,94507.60942,-5.386802769,11660.70759,-1400.766798,-948.1490414,1559.393893,-2508.427349,97441.62851,-49.44726219,11765.44311,-2904.167398,1929.180208,-1416.290033,53078.48857,43392.59676,,,,
2014/12/31,84,94277,92854.09914,1422.900859,,,,,,,,,,,,,,,61.29780426,-2586.331223,-1136.60786,-1373.200901,97888.94132,96790.84377,3289.847499,526.1773989,-3161.139665,-3796.419595,97418.53436,90987.1525,,,,,,,,,,,,,-1917.964897,1277.981659,-328.091706,205.1624892,355.4004932,94684.47504,-3957.030437,3578.950757,-1214.1329,-930.115108,1736.915121,-2404.160504,97466.57307,-3971.289016,3528.631601,-2542.119822,1915.163643,-1214.150435,53146.79119,43411.13103,,,,
2015/1/31,85,92996,97172.13576,-4176.13576,,,,,,,,,,,,,,,2479.794932,-1048.162045,-1026.900875,-1162.27711,97929.68086,96813.93808,2949.55059,-1097.03002,-2670.117452,-3621.920152,97435.51703,90046.44941,,,,,,,,,,,,,12310.13946,-15945.38719,855.2771859,250.1840672,638.0519779,94887.67644,7156.605141,-9630.126077,-849.4880234,-746.9661301,1862.073302,-2287.584977,97491.48676,7197.664605,-9919.904479,-1758.615906,1855.660978,-1024.8394,53220.54939,43429.66795,,,,
2015/2/28,86,71051,97705.53386,-26654.53386,,,,,,,,,,,,,,,551.8928565,927.422846,-755.7284161,-987.6423542,97969.58893,96836.90924,-18977.46995,-2092.077394,-1886.209997,-3444.705506,97451.46285,90028.46995,,,,,,,,,,,,,-15472.30891,-11653.21682,1786.995773,345.2324346,927.3064232,95116.91071,-12576.87749,-12814.64851,-404.0549735,-445.2271705,1934.044847,-2158.591865,97516.35517,-12561.56637,-13342.88837,-711.4796343,1760.379958,-851.3256709,53299.79814,43448.19181,,,,
2015/3/31,87,110438,96840.29784,13597.70216,,,,,,,,,,,,,,,-2110.732397,2149.746113,-363.9547037,-843.4160388,98008.65487,96859.75323,18930.81963,-1730.823832,-962.4924253,-3265.889164,97466.38579,91507.18037,,,,,,,,,,,,,7157.553128,4390.309644,1853.553576,451.6918937,1214.731029,95370.21838,17565.34037,-4626.14321,109.9003921,-86.84604142,1951.727624,-2017.141678,97541.16254,17571.32145,-5373.990589,443.9882759,1638.686584,-696.0122145,53384.55279,43466.68683,,,,
2015/4/30,88,112346,99745.87474,12600.12526,,,,,,,,,,,,,,,805.9817376,1518.219664,98.52290003,-723.7175678,98046.86801,96882.46605,18047.21854,-98.39035675,3.456584253,-3086.58463,97480.29987,94298.78146,,,,,,,,,,,,,3173.378686,10639.15504,869.2888335,525.7830168,1490.784864,95647.71093,9513.132726,4357.31617,594.7545631,264.0393993,1914.271624,-1863.40612,97565.89164,9478.76903,3401.579849,1566.292209,1499.681195,-560.7840795,53474.78095,43485.13724,,,,
2015/5/31,89,98993,99199.35313,-206.3531312,,,,,,,,,,,,,,,1523.64273,-331.1424559,545.301516,-622.6663454,98084.21769,96905.04369,1140.147293,2340.248268,927.2907868,-2907.90541,97493.21906,97852.85271,,,,,,,,,,,,,-4849.994159,6433.247187,-807.9406388,526.1131773,1745.232248,95946.35418,-10737.39304,10446.02466,1021.292756,548.9473571,1821.491975,-1697.889826,97590.52611,-10791.61743,9295.354599,2518.840579,1352.378652,-446.9680784,53570.34448,43503.52721,,,,
2015/6/30,90,97588,95319.22186,2268.778137,,,,,,,,,,,,,,,-1235.444777,-1911.098159,879.4533347,-534.381776,98120.69324,96927.48213,-3682.629258,4771.772952,1724.663937,-2730.965009,97505.15738,101270.6293,,,,,,,,,,,,,60.3304383,1323.75308,-2449.686893,420.9918511,1967.437274,96265.20426,-15284.68635,13111.9805,1274.55431,718.6311455,1673.834771,-1521.365816,97615.05144,-15404.16298,11790.12883,3159.303239,1205.628594,-355.237916,53670.96576,43521.8409,,,,
2015/7/31,91,92620,96571.79334,-3951.793342,,,,,,,,,,,,,,,-206.6244534,-1949.001838,1024.130044,-452.9944099,98156.284,96949.77737,-10943.96991,6293.488245,2311.229792,-2556.876931,97516.12881,103563.9699,,,,,,,,,,,,,2480.234263,-5491.214682,-3312.163723,194.5800695,2146.885362,96601.70824,-20698.68979,13453.00476,1345.403384,741.6779108,1473.961275,-1334.81226,97639.45472,-20793.87329,11971.84099,3345.881466,1066.490094,-285.4597598,53776.23601,43540.06246,,,,
2015/8/31,92,82452,98863.8444,-16411.8444,,,,,,,,,,,,,,,791.7743753,-731.2917907,985.2375412,-372.8550265,98190.9793,96971.92539,-21306.48996,6007.374636,2611.722661,-2386.754682,97526.14734,103758.49,,,,,,,,,,,,,-879.2741635,-12768.3677,-2979.737123,-149.5103552,2273.552078,96955.3383,-28618.76072,11560.50153,1144.035233,613.7033054,1228.177371,-1139.380151,97663.72343,-28669.3594,9995.778973,2997.271032,936.7230164,-236.5982893,53885.64715,43558.17605,,,,
2015/9/30,93,88849,98970.75628,-10121.75628,,,,,,,,,,,,,,,-688.2167586,930.3207926,792.7769323,-288.8931694,98224.76848,96993.9222,-12409.09185,3339.813039,2604.443113,-2221.391284,97535.22698,101258.0918,,,,,,,,,,,,,-1552.215651,-7143.232882,-1529.464767,-586.9748753,2338.56217,97322.35276,-17091.73439,7099.844771,786.9298603,357.311465,945.1988976,-936.3952551,97687.84465,-17110.00727,5551.702361,2215.143918,818.9008334,-206.7616269,53998.61916,43576.16581,,,,
2015/10/31,94,114986,101211.9412,13774.0588,,,,,,,,,,,,,,,702.6310054,1970.189587,477.1539129,-195.6741852,98257.64088,97015.76377,17928.36807,-771.2003528,2345.366194,-2059.915623,97543.38171,97057.63193,,,,,,,,,,,,,3718.708619,11771.35687,535.7123773,-1075.247955,2334.499992,97701.06279,15830.26774,1169.24137,350.4509586,17.14134942,634.3753611,-727.2819376,97711.80516,15855.68796,-246.9749056,1144.636441,715.609512,-193.3014471,54114.52406,43594.0159,,,,
2015/11/30,95,116496,99871.16495,16624.83505,,,,,,,,,,,,,,,-635.3862959,2234.776402,69.81747786,-87.62845961,98289.58583,97037.4461,23952.74136,-5013.941775,1906.18219,-1899.607315,97550.62554,92543.25864,,,,,,,,,,,,,-4026.351363,19219.62817,2516.500377,-1557.955455,2256.031994,98088.23569,24506.60832,-5095.939252,-90.60988608,-351.7494204,305.6089763,-513.5104995,97735.59177,24521.47174,-6254.86923,-69.34301674,628.4919141,-192.8454226,54232.7059,43611.71046,,,,
2015/12/31,96,102209,98973.72822,3235.27178,,,,,,,,,,,,,,,-1062.704044,2065.203921,-390.1779335,40.81362146,98320.59266,97058.96519,13123.88137,-8092.689229,1358.199189,-1737.363775,97556.97245,89085.11863,,,,,,,,,,,,,-1834.532957,1652.847472,3779.977425,-1972.201662,2100.135329,98482.82222,16184.44046,-10230.80657,-498.8162636,-677.390197,-31.05119589,-296.5669127,97759.19068,16197.59969,-11043.34696,-1276.01234,557.951612,-201.33499,54352.49398,43629.23365,,,,
2016/1/31,97,96727,100817.5277,-4090.52773,,,,,,,,,,,,,,,1324.63854,1798.046786,-851.0300036,195.2216722,98350.6507,97080.31701,8725.617656,-8763.696955,772.7252791,-1570.082422,97562.43644,88001.38234,,,,,,,,,,,,,12053.05732,-17765.517,3948.343411,-2256.266631,1866.63476,98880.77219,13290.71824,-12200.54287,-814.2020439,-888.2266072,-365.3898491,-77.94425834,97782.58738,13292.50198,-12658.98785,-2308.021088,503.9186861,-214.110605,54473.21067,43646.56962,,,,
2016/2/29,98,71858,99058.30062,-27200.30062,,,,,,,,,,,,,,,36.12384731,1519.306167,-1258.04401,381.1653067,98379.74931,97101.49757,-18734.74723,-5792.859461,213.2358476,-1394.660671,97567.03151,90592.74723,,,,,,,,,,,,,-15755.847,-13840.79346,2974.23857,-2358.12691,1558.261425,99280.25173,-15766.10337,-7712.172612,-978.0513786,-944.7307598,-687.5746676,140.8661383,97805.76665,-15750.72679,-7838.21715,-3036.802006,465.8588576,-225.962423,54594.17554,43663.7025,,,,
2016/3/31,99,110741,96910.87399,13830.12601,,,,,,,,,,,,,,,-1691.148369,1146.455647,-1556.502824,604.1917326,98407.8778,97122.50285,13848.90126,817.4475508,-288.1245244,-1207.995939,97570.77165,96892.09874,,,,,,,,,,,,,7414.303403,3587.536232,1122.806117,-2242.487609,1180.968679,99677.95867,12331.8725,3089.022505,-1043.813112,-834.8662672,-988.3220888,358.3923812,97828.71408,12310.14646,3238.169738,-3413.716554,442.6751073,-231.1207743,54714.70733,43680.61646,,,,
2016/4/30,100,112767,99417.4227,13349.5773,,,,,,,,,,,,,,,1218.963978,585.2743592,-1690.594331,868.7531704,98435.02552,97143.32884,10513.18527,6394.173483,-707.043957,-1006.985644,97573.67085,102253.8147,,,,,,,,,,,,,3597.882205,11352.28064,-1103.341882,-1896.301828,743.7916755,100072.7544,6606.050539,10548.67607,-990.187861,-562.3533063,-1259.789558,573.1881153,97851.416,6579.549791,10851.78365,-3408.411418,431.1265485,-223.3349665,54834.12767,43697.29565,,,,
2016/5/31,101,98331,99366.16468,-1035.164681,,,,,,,,,,,,,,,1542.339287,-212.1518382,-1599.366081,1174.161509,98461.1818,97163.97153,-4298.781643,6861.7763,-1019.21057,-788.5272011,97575.74311,102629.7816,,,,,,,,,,,,,-6136.73977,8159.363438,-3079.381945,-1331.585924,258.8796591,100460.4552,-6654.451864,8794.286678,-815.872349,-154.8111702,-1495.915111,783.9038292,97873.85999,-6644.760491,9104.363207,-3015.90018,421.3178458,-196.163717,54951.76526,43713.72421,,,,
2016/6/30,102,101179,98473.31493,2705.68507,,,,,,,,,,,,,,,892.2271406,-1203.111199,-1216.474347,1514.337356,98486.33598,97184.42692,3370.114637,1983.580906,-1201.606332,-550.0916419,97577.00243,97808.88536,,,,,,,,,,,,,1931.287947,3465.233864,-4212.536639,-585.207397,-258.8608568,100839.0802,5531.740898,-1277.688227,-607.288887,338.7072188,-1691.854142,989.3482564,97896.03488,5526.655813,-1052.627539,-2352.883352,399.0669311,-143.2922783,55066.96057,43729.88629,,,,
2016/7/31,103,93153,97104.03256,-3951.032564,,,,,,,,,,,,,,,-1070.698258,-1718.963588,-498.8878224,1882.104842,98510.47739,97204.69099,-346.8626973,-2549.76705,-1236.398108,-291.4349409,97577.4628,93499.8627,,,,,,,,,,,,,1207.109654,-4629.299189,-4121.912074,283.882022,-792.0597288,101205.2664,3400.326922,-7982.699878,-392.7664493,865.0778907,-1843.347552,1188.477833,97917.93123,3404.335565,-7892.270488,-1567.643518,348.6798586,-58.76814977,55179.0754,43745.76604,,,,
2016/8/31,104,81982,99246.8912,-17264.8912,,,,,,,,,,,,,,,-913.948274,-1119.148986,476.105005,2270.288097,98533.59536,97224.75974,-10137.11758,-4338.087327,-1106.639367,-13.29393428,97577.13821,92119.11758,,,,,,,,,,,,,-1935.253544,-14728.90195,-2790.939129,1200.490413,-1321.436379,101557.994,-8318.629683,-8226.702582,-220.3372943,1373.727132,-1945.924963,1380.328228,97939.53916,-8327.206357,-8263.012476,-801.6306095,254.5985514,62.75774559,55287.51292,43761.34762,,,,
2016/9/30,105,93313,104037.3063,-10724.30631,,,,,,,,,,,,,,,1130.296695,163.549176,1516.069947,2671.71125,98555.67923,97244.62916,-920.6081147,-2815.664677,-808.5927517,281.8228881,97576.04265,94233.60811,,,,,,,,,,,,,2003.656579,-10222.88159,-615.0127979,2080.250047,-1826.414849,101893.4265,-2983.809871,-2927.541579,-128.594066,1823.322521,-1995.250781,1564.0248,97960.84898,-3001.352414,-3042.600598,-144.572914,102.2220933,225.5482311,55391.75469,43776.61517,,,,
2016/10/31,106,115961,103492.0578,12468.94224,,,,,,,,,,,,,,,-1616.355546,1046.607959,2405.888614,3079.19843,98576.71834,97264.29523,18032.87287,160.974188,-397.9989412,590.9617451,97574.19014,97928.12713,,,,,,,,,,,,,427.453997,11060.52336,1710.129944,2838.654747,-2285.802373,102210.1111,12348.17669,3755.512432,-54.43720741,2177.767687,-1986.750453,1738.880536,97981.85031,12335.05572,3616.710743,416.9800029,-121.445758,431.8904083,55491.39766,43791.55285,,,,
2016/11/30,107,123254,105672.9215,17581.07851,,,,,,,,,,,,,,,480.4097376,183.9619017,2926.274069,3485.573768,98596.70202,97283.75394,22588.8265,2127.989445,54.42055467,911.1688556,97571.59465,100665.1735,,,,,,,,,,,,,-4311.946363,20900.42334,3439.575479,3399.380981,-2678.648321,102505.2986,15926.18125,6875.565601,57.29481323,2403.593424,-1915.615992,1904.448603,98002.5323,15933.01661,6761.578723,920.9725273,-427.2335494,681.2467079,55586.15841,43806.14479,,,,
2016/12/31,108,112273,107383.326,4889.67395,,,,,,,,,,,,,,,2947.988118,-898.1045594,2834.41289,3883.409938,98615.61961,97303.0013,11585.56242,1407.246703,472.4302662,1239.490439,97568.27018,100687.4376,,,,,,,,,,,,,2007.200724,2703.695979,4065.972643,3702.583994,-2984.972716,102778.5694,7977.847784,3301.867233,224.0416477,2463.976797,-1778.009992,2060.392929,98022.8836,7997.804031,3254.891728,1399.000363,-823.5122833,970.1463644,55675.8322,43820.37516,,,,
2017/1/31,109,97355,101408.7668,-4053.7668,,,,,,,,,,,,,,,-3146.192909,-292.7922813,1950.177845,4264.113702,98633.46044,97322.03328,-1989.807135,-550.1918023,757.7954981,1572.972713,97564.23073,99344.80713,,,,,,,,,,,,,7823.702381,-17522.82042,3503.497618,3710.772683,-3186.775494,103026.6357,-1295.636376,-2807.70059,467.4171758,2314.098696,-1572.451153,2206.378706,98042.89354,-1286.758475,-2779.982768,1855.582045,-1316.184203,1292.762024,55760.24468,43834.2281,,,,
2017/2/28,110,79875,107694.4659,-27819.4659,,,,,,,,,,,,,,,2738.163628,1224.243601,463.644871,4618.199948,98650.21385,97340.84589,-18889.37586,-1510.770376,806.9954936,1908.660461,97559.49029,98764.37586,,,,,,,,,,,,,-13378.56371,-12215.20321,2075.918968,3412.941145,-3268.671003,103248.5682,-16432.48541,-5485.936063,779.1344692,1912.470607,-1302.806792,2342.0714,98062.55179,-16435.53278,-5404.493785,2286.617314,-1907.356826,1641.214088,55839.22712,43847.68776,,,,
2017/3/31,111,114515,100387.0311,14127.96889,,,,,,,,,,,,,,,-1920.057189,22.18843015,-1316.992779,4936.023466,98665.86917,97359.4351,14186.38019,-22.76428615,554.2740993,2243.047145,97554.06285,100328.6198,,,,,,,,,,,,,6367.347556,4775.808385,323.0404169,2825.555585,-3218.874167,103442.2021,13911.79826,-1329.30748,1129.101616,1232.981521,-978.5774021,2467.15584,98081.84764,13913.19094,-1240.622273,2649.163884,-2593.170651,2006.654037,55912.61129,43860.7383,,,,
2017/4/30,112,114030,100308.9966,13721.00343,,,,,,,,,,,,,,,1175.118984,-1766.349142,-2988.128025,5207.939042,98680.41574,97377.79691,11560.46246,2266.447049,85.08989392,2570.038177,97547.96242,102469.5375,,,,,,,,,,,,,4359.311629,8361.005016,-1259.246034,1990.846118,-3029.665957,103607.8479,8738.823664,3617.295123,1314.285787,289.4034421,-611.9321151,2581.355017,98100.76908,8715.972079,3676.208696,2756.246137,-3358.718712,2379.900756,55980.2291,43873.36387,,,,
2017/5/31,113,96974,98638.84861,-1664.848614,,,,,,,,,,,,,,,-875.7820699,-411.1723453,-4192.34133,5424.301464,98693.84289,97395.92731,-5871.283084,2898.483002,-475.7789632,2881.376059,97541.20299,102845.2831,,,,,,,,,,,,,-6629.926391,3983.761765,-2397.223329,972.5064286,-2698.237979,103743.1257,-8022.869004,4095.631468,1165.175889,-851.3412571,-216.292004,2684.390321,98119.30459,-8021.004235,4101.133042,2387.78524,-4166.568439,2751.682287,56041.91254,43885.54865,,,,
2017/6/30,114,105460,102273.7054,3186.294609,,,,,,,,,,,,,,,1050.617102,1793.85999,-4852.377173,5575.46552,98706.13996,97413.8223,5258.300854,509.5154337,-1010.013785,3168.398955,97533.79854,100201.6991,,,,,,,,,,,,,2268.103391,4771.197936,-3049.657085,-150.9240092,-2226.829071,103848.1451,7060.73677,-1164.379931,536.791463,-2081.64612,195.0802853,2775.974956,98137.44258,7056.994666,-1196.447887,1450.18726,-4957.229182,3112.708285,56097.4938,43897.27686,,,,
2017/7/31,115,98731,102541.9181,-3810.91809,,,,,,,,,,,,,,,782.7021909,2351.154661,-4962.102408,5652.867373,98717.29628,97431.47785,1706.678629,-2497.13563,-1426.751112,3422.445031,97525.76308,97024.32137,,,,,,,,,,,,,486.5702557,516.0841425,-3276.663623,-1293.549796,-1623.232684,103921.807,4480.919425,-3680.29334,-409.4803589,-3280.184347,609.0205787,2855.848312,98155.16973,4494.837152,-3712.417792,99.07759034,-5665.734484,3453.687486,56146.80534,43908.53307,,,,
2017/8/31,116,82604,100258.3024,-17654.30242,,,,,,,,,,,,,,,-566.6965002,985.6032177,-4541.472333,5653.566709,98727.30131,97448.88997,-12020.41574,-4885.556022,-1642.301044,3635.162203,97517.1106,94624.41574,,,,,,,,,,,,,-1144.323976,-13861.80001,-3084.31241,-2370.422454,-900.6074904,103965.4158,-11458.61815,-2234.486997,-1478.271537,-4333.506982,1012.645643,2923.765908,98172.47212,-11430.04079,-2210.951787,-1404.550331,-6226.806517,3765.369956,56189.67975,43919.3037,,,,
2017/9/30,117,85766,96992.92331,-11226.92331,,,,,,,,,,,,,,,-2590.618517,-1034.924383,-3698.57537,5580.896623,98736.14496,97466.05464,-7793.336122,-6173.743682,-1575.752425,3800.977131,97507.8551,93559.33612,,,,,,,,,,,,,1883.083353,-14341.18493,-2371.147929,-3304.609031,-77.59985826,103977.4665,-10749.63108,1404.812381,-2319.360139,-5132.369481,1393.721849,2979.491589,98189.33488,-10718.31715,1490.442,-2620.453688,-6575.410667,4038.765454,56225.9501,43929.58009,,,,
2017/10/31,118,109357,97976.23875,11380.76125,,,,,,,,,,,,,,,-1246.195937,-2397.607937,-2563.262876,5439.488138,98743.81736,97482.96786,15764.54825,-6658.301928,-1168.042499,3920.785608,97498.01056,93592.45175,,,,,,,,,,,,,343.9370601,9287.155628,-1021.786855,-4033.397765,822.2895887,103958.8606,10074.96976,4434.573398,-2546.034387,-5574.86585,1739.799148,3022.81562,98205.74231,10092.89374,4554.490418,-3105.999086,-6648.500687,4265.972006,56255.44946,43939.35985,,,,
2017/11/30,119,121179,103063.3984,18115.60164,,,,,,,,,,,,,,,3111.026975,-2775.33043,-1256.57907,5233.972249,98750.30868,97499.62561,26884.37704,-6757.980607,-431.9823752,3996.994952,97487.59099,94294.62296,,,,,,,,,,,,,-4478.246652,23572.41542,916.2707044,-4511.764729,1771.100088,103909.2922,21354.69002,3961.879531,-1863.209163,-5589.974541,2040.414439,3053.520719,98221.67899,21351.47611,4060.754107,-2509.255659,-6398.18031,4441.765005,56278.01131,43948.64383,,,,
2017/12/31,120,109783,103742.7157,6040.284273,,,,,,,,,,,,,,,2181.929225,-2302.417738,138.6152092,4968.979955,98755.60905,97516.02388,14336.58283,-6624.413647,562.3442814,4031.87616,97476.61038,95446.41717,,,,,,,,,,,,,526.4364566,4296.976233,3105.226711,-4713.897911,2737.343455,103830.9512,12817.17296,-1175.721684,-280.5570606,-5177.611495,2291.216869,3071.370457,98237.12995,12823.23324,-1136.13974,-901.1037596,-5818.278461,4564.108603,56293.47031,43957.43383,,,,
2018/1/31,121,101744,105956.3114,-4212.311385,,,,,,,,,,,,,,,2001.985897,-1014.610945,1560.098685,4649.129124,98759.70864,97532.15867,4032.969498,-5491.166925,1709.51478,4027.599926,97465.08272,97711.0305,,,,,,,,,,,,,13106.97846,-19088.96425,4947.866324,-4631.986197,3686.794451,103723.3365,7096.507682,-6489.563038,1683.691694,-4365.274548,2490.462538,3076.092663,98252.08301,7100.289636,-6525.040818,1193.265107,-4921.175679,4632.670614,56301.66362,43965.73185,,,,
2018/2/28,122,75975,104297.9558,-28322.95582,,,,,,,,,,,,,,,-3009.626736,1317.342405,2948.675678,4278.966855,98762.5976,97548.02597,-25970.92882,-2390.888052,2897.475549,3986.319313,97453.02201,101945.9288,,,,,,,,,,,,,-20770.40153,-12941.59753,5788.438585,-4273.616788,4583.736198,103588.4345,-22188.53076,-6109.951762,3498.080196,-3195.783022,2637.263997,3067.393824,98266.52752,-22183.35043,-6208.263025,3160.44762,-3721.634615,4647.512704,56302.43431,43973.53993,,,,
2018/3/31,123,128125,113430.3987,14694.60134,,,,,,,,,,,,,,,3113.004541,3444.937329,4245.239727,3862.951025,98764.26608,97563.62176,20253.70256,2506.494793,4014.173016,3910.187384,97440.44224,107871.2974,,,,,,,,,,,,,11614.7628,6159.83556,5189.341427,-3657.972272,5392.15356,103426.9991,18989.64236,2180.50242,4614.365108,-1716.551954,2731.604684,3044.982542,98280.45484,18988.79929,2068.042313,4401.876906,-2234.455674,4608.718158,56295.64159,43980.86011,,,,
2018/4/30,124,121213,107331.9481,13881.05187,,,,,,,,,,,,,,,-3443.799689,3216.47778,5389.076819,3405.488956,98764.70423,97578.94205,9730.668929,5306.062846,4947.554342,3801.356468,97427.35741,111482.3311,,,,,,,,,,,,,2930.556484,8635.434557,3140.052439,-2812.109665,6077.032849,103242.1582,4454.897096,8198.202363,4451.045884,32.77675637,2773.569855,3008.650074,98293.85797,4455.361814,8129.171313,4318.798473,-482.3910445,4516.318842,56281.19722,43987.69443,,,,
2018/5/31,125,103594,105878.065,-2284.064964,,,,,,,,,,,,,,,-2669.211775,544.4860611,6327.998794,2910.889699,98763.90222,97593.98281,-7556.896681,4455.440544,5619.718756,3661.955863,97413.78152,111150.8967,,,,,,,,,,,,,-7065.741948,2693.810698,94.26490389,-1768.14317,6605.689908,103034.169,-11323.91047,6265.515845,2642.378176,1982.044762,2762.736467,2958.505203,98306.73002,-11335.99892,6276.828991,2572.81513,1463.292279,4370.213948,56259.1456,43994.04491,,,,
2018/6/30,126,113117,109607.5519,3509.448088,,,,,,,,,,,,,,,4292.835574,-2898.995597,7068.413612,2383.44812,98761.85019,97608.74003,5577.55102,556.3239368,6089.383574,3494.012922,97399.72855,107539.449,,,,,,,,,,,,,2502.220947,4597.555166,-3175.36114,-562.0127713,6949.041341,102805.6385,9221.158883,-3784.338687,-215.5453723,3983.262459,2698.343813,2895.054052,98319.06485,9211.826779,-3707.064333,-239.7091059,3456.569708,4170.145822,56229.68801,43999.9136,,,,
2018/7/31,127,105698,108982.6953,-3284.69534,,,,,,,,,,,,,,,5539.098752,-4774.190079,7631.540935,1827.707394,98758.5383,97623.20972,219.3513399,-1655.513986,6449.498341,3299.451806,97385.2125,105478.6487,,,,,,,,,,,,,307.6325385,810.2264544,-5826.302828,765.6552592,7082.965107,102557.8813,8482.403767,-9047.795309,-3333.165117,5867.311171,2579.393549,2818.9942,98330.85774,8499.48015,-8954.687949,-3290.82144,5334.87084,3915.780258,56193.10226,44005.30253,,,,
2018/8/31,128,89055,106617.4851,-17562.48506,,,,,,,,,,,,,,,2638.366721,-4066.783331,8043.429403,1248.51561,98753.9567,97637.38786,-16538.74162,-1640.895399,6784.130498,3080.259163,97370.24736,105593.7416,,,,,,,,,,,,,448.4503076,-15655.19878,-7189.303741,2167.155705,6989.282252,102294.6193,-8491.629966,-7419.853263,-5978.54832,7467.734081,2404.143285,2731.048858,98342.10532,-8505.765706,-7362.591333,-5796.070462,6935.739936,3606.747531,56149.70168,44010.21375,,,,
2018/9/30,129,88098,99967.23908,-11869.23908,,,,,,,,,,,,,,,-6605.976264,-1159.753165,8333.250408,651.6225594,98748.09554,97651.27043,-19003.42364,-230.7361429,7138.48164,2838.83107,97354.84708,107101.4236,,,,,,,,,,,,,-1367.108329,-15865.48847,-6927.098193,3584.141994,6656.849881,102016.7527,-15319.06148,-854.2777837,-7504.542631,8620.545392,2170.619956,2631.911839,98352.8047,-15325.48894,-848.3065573,-7177.38825,8101.042451,3242.635895,56099.84164,44014.64929,,,,
2018/10/31,130,122699,112136.471,10562.52895,,,,,,,,,,,,,,,1842.187953,3041.295241,8468.881142,43.16167913,98740.94499,97664.85344,13730.86643,1515.322371,7535.833072,2577.952531,97339.02559,108968.1336,,,,,,,,,,,,,2567.975622,12466.4904,-5089.635721,4944.627532,6082.124707,101727.553,10714.17491,7508.400659,-7483.498176,9197.904322,1876.753375,2522.311625,98362.95328,10693.32644,7455.308301,-7055.957844,8714.493727,2823.126479,56043.90559,44018.61118,,,,
2018/11/30,131,137397,119040.2119,18356.78807,,,,,,,,,,,,,,,6039.936506,6436.826125,8401.585227,-570.6311389,98732.49518,97678.13287,28239.76892,1539.842661,7994.106599,2300.484962,97322.79685,109157.2311,,,,,,,,,,,,,-2878.519124,29503.25674,-2087.657356,6161.318194,5269.849834,101428.9111,20802.69184,10778.73491,-5681.602779,9199.178646,1522.428789,2403.020555,98372.54804,20804.89652,10674.10857,-5195.822058,8772.73745,2349.353033,55982.28524,44022.10146,,,,
2018/12/31,132,117517,110970.0982,6546.901792,,,,,,,,,,,,,,,-1994.35312,7356.706584,8068.498356,-1183.489904,98722.73629,97691.10472,11169.55722,-1435.661843,8467.640039,2009.289783,97306.1748,106347.4428,,,,,,,,,,,,,-2609.425019,6242.783423,1392.549969,7133.165581,4233.082381,101124.9516,5253.234538,3937.953477,-2116.681287,8670.778264,1115.312412,2274.817177,98381.58542,5253.919293,3808.488284,-1631.933846,8322.011186,1827.480033,55915.37342,44025.12218,,,,
2019/1/31,133,104644,109045.4843,-4401.484261,,,,,,,,,,,,,,,-2362.202854,7135.288309,7349.77967,-1789.039274,98711.65845,97703.76496,1566.869381,-4607.28365,8687.766244,1707.474658,97289.17337,103077.1306,,,,,,,,,,,,,12442.43457,-23887.93435,4528.908991,7750.598808,2993.310739,100816.7441,298.1255846,-6851.599396,2337.608323,7663.801415,667.5450842,2138.457783,98390.06121,312.1592927,-6961.406381,2728.40677,7410.697124,1268.736661,55843.56305,44027.67537,,,,
2019/2/28,134,79248,107826.2094,-28578.2094,,,,,,,,,,,,,,,-2389.54154,7766.284419,6130.537131,-2380.322438,98699.25183,97716.1096,-23624.24358,-4151.258015,8352.211984,1399.483113,97271.8065,102872.2436,,,,,,,,,,,,,-16601.47594,-20702.9736,6559.635467,7905.437003,1579.847178,100507.5557,-21416.82074,-12635.62707,6482.795749,6232.817762,192.1854482,1994.677633,98397.97122,-21419.15919,-12659.43147,6761.615144,6085.869195,685.66057,55767.24701,44029.76306,,,,
2019/3/31,135,126252,110962.8152,15289.18478,,,,,,,,,,,,,,,768.6924861,10053.5315,4404.645111,-2949.560467,98685.50657,97728.13463,18361.03726,2250.256012,7295.182039,1091.436541,97254.08815,107890.9627,,,,,,,,,,,,,9780.45178,1732.707171,7006.194697,7504.32231,29.29385209,100199.1821,19510.51564,-7067.001138,9426.513096,4430.497557,-298.0394362,1844.203713,98405.31057,19512.74477,-6951.292592,9482.500155,4394.97022,90.86581847,55686.81822,44031.3873,,,,
2019/4/30,136,123121,109322.4524,13798.54764,,,,,,,,,,,,,,,-274.0711372,12133.94366,2280.930157,-3488.763126,98670.41284,97739.83602,8543.881276,10991.52292,5559.643232,789.9203221,97236.03225,114577.1187,,,,,,,,,,,,,1493.987955,11015.40038,5846.979109,6484.697718,-1615.570369,99895.67242,5937.956935,4970.914718,10594.59587,2308.455136,-790.783653,1687.785748,98412.07524,5923.862492,5208.013034,10454.95862,2391.710393,-503.0335344,55602.66956,44032.55013,,,,
2019/5/31,137,106604,109210.1964,-2606.19642,,,,,,,,,,,,,,,1182.877488,13479.61657,-116.3264996,-3989.931942,98653.96079,97751.20979,-9804.855069,15454.53689,3235.115659,501.5497756,97217.65274,116408.8551,,,,,,,,,,,,,-6812.558818,8748.236133,3546.528171,4830.668865,-3306.867642,99598.05949,-14668.28264,13053.5434,9602.401083,-53.532534,-1274.613102,1526.2212,98418.26259,-14668.22957,13301.02235,9350.445383,161.0807113,-1083.42343,55515.19396,44033.25357,,,,
2019/6/30,138,108405,104640.822,3764.177951,,,,,,,,,,,,,,,-3096.42984,16210.3424,-2664.162682,-4445.068441,98636.14056,97762.25191,-84.14676284,10612.53374,444.7087907,232.9406629,97198.96357,108489.1468,,,,,,,,,,,,,1544.307645,9070.441639,887.5209165,2586.420986,-4993.241676,99309.59874,-2668.139359,9298.150918,6244.356713,-2515.292181,-1738.281556,1360.335948,98423.86952,-2677.544226,9384.717108,6019.679503,-2155.782275,-1637.689808,55424.7843,44033.49967,,,,
2019/7/31,139,104385,107275.4514,-2890.451361,,,,,,,,,,,,,,,4682.826683,14047.42505,-5225.568507,-4846.174151,98616.94232,97772.95837,10255.90726,-487.4860303,-2554.108642,-9.291254814,97179.97867,94129.09274,,,,,,,,,,,,,8272.655929,5185.076167,-1347.417903,-135.8623444,-6621.448327,99031.9914,11353.22092,-834.6141814,1335.210687,-4918.765983,-2169.906413,1190.964431,98428.89054,11350.88573,-1017.079831,1241.579821,-4404.302698,-2153.218611,55331.83349,44033.29047,,,,
2019/8/31,140,66364,83676.23591,-17312.23591,,,,,,,,,,,,,,,-4894.797097,2778.304252,-7618.376863,-5185.250599,98596.35622,97783.32518,-12642.0334,-12465.87028,-5470.278091,-218.5302163,97160.71199,79006.0334,,,,,,,,,,,,,-9357.02276,-9053.624455,-2700.529767,-3155.845807,-8138.138632,98769.03312,-10563.78212,-8856.127158,-4004.527875,-7106.639434,-2557.174014,1018.931582,98433.31902,-10561.63282,-9324.739266,-3969.665118,-6429.764621,-2617.39578,55236.73442,44032.62801,,,,
2019/9/30,141,60642,72839.9773,-12197.9773,,,,,,,,,,,,,,,-373.2980418,-10260.168,-9646.629748,-5454.299311,98574.3724,97793.34831,-7003.544041,-21094.73196,-8012.741011,-388.1604602,97141.17748,67645.54404,,,,,,,,,,,,,-1499.148367,-17455.6886,-3198.723693,-6234.223221,-9491.612895,98521.28258,-7561.642015,-10598.59227,-8669.118244,-8923.101005,-2887.761548,845.0669518,98437.14813,-7557.565626,-11281.16407,-8593.059314,-8077.452106,-3017.607254,55139.88001,44031.51432,,,,
2019/10/31,142,75867,65718.48924,10148.51076,,,,,,,,,,,,,,,2598.441405,-18671.96147,-11113.64992,-5645.321815,98550.98104,97803.02376,14121.00609,-24973.39007,-9890.438854,-511.5662254,97121.38906,61745.99391,,,,,,,,,,,,,8391.900322,-7839.201038,-3251.834734,-9091.644764,-10633.6904,98291.36681,9526.162214,-7861.289641,-11544.35216,-10214.99565,-3149.077333,670.1798606,98440.3727,9507.320887,-8612.790509,-11580.79395,-9192.64929,-3341.238964,55041.66314,44029.95143,,,,
2019/11/30,143,77811,59624.35438,18186.64562,,,,,,,,,,,,,,,-2019.716537,-19306.86177,-11824.91994,-5750.319638,98526.17227,97812.34752,17223.10801,-25119.02388,-10812.31307,-582.1317505,97101.36069,60587.89199,,,,,,,,,,,,,-727.1650568,6754.456418,-3339.433106,-11435.75094,-11521.51877,98080.28328,9940.618991,-5142.275812,-11765.81209,-10830.93539,-3328.639659,495.0543397,98442.98962,9939.97588,-5857.157064,-12027.0689,-9633.297381,-3575.728615,54942.47714,44027.9414,,,,
2019/12/31,144,73822,67234.87095,6587.129049,,,,,,,,,,,,,,,1806.390586,-15658.68544,-11649.15556,-5763.614894,98499.93625,97821.31558,10698.24824,-22790.44884,-10571.81819,-595.0875162,97081.10631,63123.75176,,,,,,,,,,,,,-6109.307593,10819.30095,-3666.315171,-12993.88716,-12119.12027,97891.1664,3886.018905,-5328.380508,-9407.332493,-10676.58072,-3417.168941,320.4462873,98444.99747,3884.849315,-6113.762587,-9768.637059,-9338.137478,-3711.613621,54842.71671,44025.48625,,,,
